"date","series_id","value","realtime_start","realtime_end"
2019-01-01,"DTB3",NA,2026-03-11,2026-03-11
2019-01-02,"DTB3",2.37,2026-03-11,2026-03-11
2019-01-03,"DTB3",2.36,2026-03-11,2026-03-11
2019-01-04,"DTB3",2.37,2026-03-11,2026-03-11
2019-01-07,"DTB3",2.41,2026-03-11,2026-03-11
2019-01-08,"DTB3",2.41,2026-03-11,2026-03-11
2019-01-09,"DTB3",2.4,2026-03-11,2026-03-11
2019-01-10,"DTB3",2.38,2026-03-11,2026-03-11
2019-01-11,"DTB3",2.38,2026-03-11,2026-03-11
2019-01-14,"DTB3",2.4,2026-03-11,2026-03-11
2019-01-15,"DTB3",2.4,2026-03-11,2026-03-11
2019-01-16,"DTB3",2.38,2026-03-11,2026-03-11
2019-01-17,"DTB3",2.37,2026-03-11,2026-03-11
2019-01-18,"DTB3",2.36,2026-03-11,2026-03-11
2019-01-21,"DTB3",NA,2026-03-11,2026-03-11
2019-01-22,"DTB3",2.38,2026-03-11,2026-03-11
2019-01-23,"DTB3",2.36,2026-03-11,2026-03-11
2019-01-24,"DTB3",2.32,2026-03-11,2026-03-11
2019-01-25,"DTB3",2.34,2026-03-11,2026-03-11
2019-01-28,"DTB3",2.37,2026-03-11,2026-03-11
2019-01-29,"DTB3",2.37,2026-03-11,2026-03-11
2019-01-30,"DTB3",2.37,2026-03-11,2026-03-11
2019-01-31,"DTB3",2.36,2026-03-11,2026-03-11
2019-02-01,"DTB3",2.35,2026-03-11,2026-03-11
2019-02-04,"DTB3",2.37,2026-03-11,2026-03-11
2019-02-05,"DTB3",2.37,2026-03-11,2026-03-11
2019-02-06,"DTB3",2.37,2026-03-11,2026-03-11
2019-02-07,"DTB3",2.37,2026-03-11,2026-03-11
2019-02-08,"DTB3",2.38,2026-03-11,2026-03-11
2019-02-11,"DTB3",2.4,2026-03-11,2026-03-11
2019-02-12,"DTB3",2.38,2026-03-11,2026-03-11
2019-02-13,"DTB3",2.39,2026-03-11,2026-03-11
2019-02-14,"DTB3",2.38,2026-03-11,2026-03-11
2019-02-15,"DTB3",2.38,2026-03-11,2026-03-11
2019-02-18,"DTB3",NA,2026-03-11,2026-03-11
2019-02-19,"DTB3",2.41,2026-03-11,2026-03-11
2019-02-20,"DTB3",2.4,2026-03-11,2026-03-11
2019-02-21,"DTB3",2.4,2026-03-11,2026-03-11
2019-02-22,"DTB3",2.41,2026-03-11,2026-03-11
2019-02-25,"DTB3",2.42,2026-03-11,2026-03-11
2019-02-26,"DTB3",2.4,2026-03-11,2026-03-11
2019-02-27,"DTB3",2.4,2026-03-11,2026-03-11
2019-02-28,"DTB3",2.4,2026-03-11,2026-03-11
2019-03-01,"DTB3",2.39,2026-03-11,2026-03-11
2019-03-04,"DTB3",2.41,2026-03-11,2026-03-11
2019-03-05,"DTB3",2.41,2026-03-11,2026-03-11
2019-03-06,"DTB3",2.41,2026-03-11,2026-03-11
2019-03-07,"DTB3",2.4,2026-03-11,2026-03-11
2019-03-08,"DTB3",2.41,2026-03-11,2026-03-11
2019-03-11,"DTB3",2.41,2026-03-11,2026-03-11
2019-03-12,"DTB3",2.41,2026-03-11,2026-03-11
2019-03-13,"DTB3",2.4,2026-03-11,2026-03-11
2019-03-14,"DTB3",2.4,2026-03-11,2026-03-11
2019-03-15,"DTB3",2.4,2026-03-11,2026-03-11
2019-03-18,"DTB3",2.39,2026-03-11,2026-03-11
2019-03-19,"DTB3",2.41,2026-03-11,2026-03-11
2019-03-20,"DTB3",2.42,2026-03-11,2026-03-11
2019-03-21,"DTB3",2.43,2026-03-11,2026-03-11
2019-03-22,"DTB3",2.41,2026-03-11,2026-03-11
2019-03-25,"DTB3",2.41,2026-03-11,2026-03-11
2019-03-26,"DTB3",2.41,2026-03-11,2026-03-11
2019-03-27,"DTB3",2.39,2026-03-11,2026-03-11
2019-03-28,"DTB3",2.38,2026-03-11,2026-03-11
2019-03-29,"DTB3",2.35,2026-03-11,2026-03-11
2019-04-01,"DTB3",2.38,2026-03-11,2026-03-11
2019-04-02,"DTB3",2.37,2026-03-11,2026-03-11
2019-04-03,"DTB3",2.39,2026-03-11,2026-03-11
2019-04-04,"DTB3",2.39,2026-03-11,2026-03-11
2019-04-05,"DTB3",2.39,2026-03-11,2026-03-11
2019-04-08,"DTB3",2.38,2026-03-11,2026-03-11
2019-04-09,"DTB3",2.37,2026-03-11,2026-03-11
2019-04-10,"DTB3",2.38,2026-03-11,2026-03-11
2019-04-11,"DTB3",2.38,2026-03-11,2026-03-11
2019-04-12,"DTB3",2.39,2026-03-11,2026-03-11
2019-04-15,"DTB3",2.38,2026-03-11,2026-03-11
2019-04-16,"DTB3",2.38,2026-03-11,2026-03-11
2019-04-17,"DTB3",2.39,2026-03-11,2026-03-11
2019-04-18,"DTB3",2.37,2026-03-11,2026-03-11
2019-04-19,"DTB3",NA,2026-03-11,2026-03-11
2019-04-22,"DTB3",2.39,2026-03-11,2026-03-11
2019-04-23,"DTB3",2.4,2026-03-11,2026-03-11
2019-04-24,"DTB3",2.39,2026-03-11,2026-03-11
2019-04-25,"DTB3",2.38,2026-03-11,2026-03-11
2019-04-26,"DTB3",2.37,2026-03-11,2026-03-11
2019-04-29,"DTB3",2.39,2026-03-11,2026-03-11
2019-04-30,"DTB3",2.38,2026-03-11,2026-03-11
2019-05-01,"DTB3",2.38,2026-03-11,2026-03-11
2019-05-02,"DTB3",2.41,2026-03-11,2026-03-11
2019-05-03,"DTB3",2.38,2026-03-11,2026-03-11
2019-05-06,"DTB3",2.39,2026-03-11,2026-03-11
2019-05-07,"DTB3",2.38,2026-03-11,2026-03-11
2019-05-08,"DTB3",2.38,2026-03-11,2026-03-11
2019-05-09,"DTB3",2.38,2026-03-11,2026-03-11
2019-05-10,"DTB3",2.38,2026-03-11,2026-03-11
2019-05-13,"DTB3",2.36,2026-03-11,2026-03-11
2019-05-14,"DTB3",2.36,2026-03-11,2026-03-11
2019-05-15,"DTB3",2.37,2026-03-11,2026-03-11
2019-05-16,"DTB3",2.35,2026-03-11,2026-03-11
2019-05-17,"DTB3",2.34,2026-03-11,2026-03-11
2019-05-20,"DTB3",2.34,2026-03-11,2026-03-11
2019-05-21,"DTB3",2.34,2026-03-11,2026-03-11
2019-05-22,"DTB3",2.33,2026-03-11,2026-03-11
2019-05-23,"DTB3",2.32,2026-03-11,2026-03-11
2019-05-24,"DTB3",2.3,2026-03-11,2026-03-11
2019-05-27,"DTB3",NA,2026-03-11,2026-03-11
2019-05-28,"DTB3",2.32,2026-03-11,2026-03-11
2019-05-29,"DTB3",2.32,2026-03-11,2026-03-11
2019-05-30,"DTB3",2.33,2026-03-11,2026-03-11
2019-05-31,"DTB3",2.3,2026-03-11,2026-03-11
2019-06-03,"DTB3",2.3,2026-03-11,2026-03-11
2019-06-04,"DTB3",2.3,2026-03-11,2026-03-11
2019-06-05,"DTB3",2.3,2026-03-11,2026-03-11
2019-06-06,"DTB3",2.28,2026-03-11,2026-03-11
2019-06-07,"DTB3",2.23,2026-03-11,2026-03-11
2019-06-10,"DTB3",2.24,2026-03-11,2026-03-11
2019-06-11,"DTB3",2.22,2026-03-11,2026-03-11
2019-06-12,"DTB3",2.19,2026-03-11,2026-03-11
2019-06-13,"DTB3",2.14,2026-03-11,2026-03-11
2019-06-14,"DTB3",2.15,2026-03-11,2026-03-11
2019-06-17,"DTB3",2.18,2026-03-11,2026-03-11
2019-06-18,"DTB3",2.17,2026-03-11,2026-03-11
2019-06-19,"DTB3",2.13,2026-03-11,2026-03-11
2019-06-20,"DTB3",2.09,2026-03-11,2026-03-11
2019-06-21,"DTB3",2.07,2026-03-11,2026-03-11
2019-06-24,"DTB3",2.08,2026-03-11,2026-03-11
2019-06-25,"DTB3",2.07,2026-03-11,2026-03-11
2019-06-26,"DTB3",2.1,2026-03-11,2026-03-11
2019-06-27,"DTB3",2.09,2026-03-11,2026-03-11
2019-06-28,"DTB3",2.08,2026-03-11,2026-03-11
2019-07-01,"DTB3",2.16,2026-03-11,2026-03-11
2019-07-02,"DTB3",2.15,2026-03-11,2026-03-11
2019-07-03,"DTB3",2.16,2026-03-11,2026-03-11
2019-07-04,"DTB3",NA,2026-03-11,2026-03-11
2019-07-05,"DTB3",2.18,2026-03-11,2026-03-11
2019-07-08,"DTB3",2.21,2026-03-11,2026-03-11
2019-07-09,"DTB3",2.21,2026-03-11,2026-03-11
2019-07-10,"DTB3",2.15,2026-03-11,2026-03-11
2019-07-11,"DTB3",2.12,2026-03-11,2026-03-11
2019-07-12,"DTB3",2.1,2026-03-11,2026-03-11
2019-07-15,"DTB3",2.11,2026-03-11,2026-03-11
2019-07-16,"DTB3",2.1,2026-03-11,2026-03-11
2019-07-17,"DTB3",2.09,2026-03-11,2026-03-11
2019-07-18,"DTB3",2.01,2026-03-11,2026-03-11
2019-07-19,"DTB3",2.02,2026-03-11,2026-03-11
2019-07-22,"DTB3",2.04,2026-03-11,2026-03-11
2019-07-23,"DTB3",2.02,2026-03-11,2026-03-11
2019-07-24,"DTB3",2.05,2026-03-11,2026-03-11
2019-07-25,"DTB3",2.06,2026-03-11,2026-03-11
2019-07-26,"DTB3",2.08,2026-03-11,2026-03-11
2019-07-29,"DTB3",2.07,2026-03-11,2026-03-11
2019-07-30,"DTB3",2.04,2026-03-11,2026-03-11
2019-07-31,"DTB3",2.04,2026-03-11,2026-03-11
2019-08-01,"DTB3",2.03,2026-03-11,2026-03-11
2019-08-02,"DTB3",2.02,2026-03-11,2026-03-11
2019-08-05,"DTB3",2,2026-03-11,2026-03-11
2019-08-06,"DTB3",2.01,2026-03-11,2026-03-11
2019-08-07,"DTB3",1.98,2026-03-11,2026-03-11
2019-08-08,"DTB3",1.98,2026-03-11,2026-03-11
2019-08-09,"DTB3",1.96,2026-03-11,2026-03-11
2019-08-12,"DTB3",1.96,2026-03-11,2026-03-11
2019-08-13,"DTB3",1.96,2026-03-11,2026-03-11
2019-08-14,"DTB3",1.92,2026-03-11,2026-03-11
2019-08-15,"DTB3",1.87,2026-03-11,2026-03-11
2019-08-16,"DTB3",1.83,2026-03-11,2026-03-11
2019-08-19,"DTB3",1.9,2026-03-11,2026-03-11
2019-08-20,"DTB3",1.9,2026-03-11,2026-03-11
2019-08-21,"DTB3",1.93,2026-03-11,2026-03-11
2019-08-22,"DTB3",1.96,2026-03-11,2026-03-11
2019-08-23,"DTB3",1.93,2026-03-11,2026-03-11
2019-08-26,"DTB3",1.96,2026-03-11,2026-03-11
2019-08-27,"DTB3",1.94,2026-03-11,2026-03-11
2019-08-28,"DTB3",1.95,2026-03-11,2026-03-11
2019-08-29,"DTB3",1.95,2026-03-11,2026-03-11
2019-08-30,"DTB3",1.95,2026-03-11,2026-03-11
2019-09-02,"DTB3",NA,2026-03-11,2026-03-11
2019-09-03,"DTB3",1.94,2026-03-11,2026-03-11
2019-09-04,"DTB3",1.93,2026-03-11,2026-03-11
2019-09-05,"DTB3",1.93,2026-03-11,2026-03-11
2019-09-06,"DTB3",1.92,2026-03-11,2026-03-11
2019-09-09,"DTB3",1.92,2026-03-11,2026-03-11
2019-09-10,"DTB3",1.91,2026-03-11,2026-03-11
2019-09-11,"DTB3",1.92,2026-03-11,2026-03-11
2019-09-12,"DTB3",1.91,2026-03-11,2026-03-11
2019-09-13,"DTB3",1.92,2026-03-11,2026-03-11
2019-09-16,"DTB3",1.95,2026-03-11,2026-03-11
2019-09-17,"DTB3",1.95,2026-03-11,2026-03-11
2019-09-18,"DTB3",1.91,2026-03-11,2026-03-11
2019-09-19,"DTB3",1.89,2026-03-11,2026-03-11
2019-09-20,"DTB3",1.87,2026-03-11,2026-03-11
2019-09-23,"DTB3",1.9,2026-03-11,2026-03-11
2019-09-24,"DTB3",1.88,2026-03-11,2026-03-11
2019-09-25,"DTB3",1.85,2026-03-11,2026-03-11
2019-09-26,"DTB3",1.79,2026-03-11,2026-03-11
2019-09-27,"DTB3",1.76,2026-03-11,2026-03-11
2019-09-30,"DTB3",1.84,2026-03-11,2026-03-11
2019-10-01,"DTB3",1.78,2026-03-11,2026-03-11
2019-10-02,"DTB3",1.75,2026-03-11,2026-03-11
2019-10-03,"DTB3",1.67,2026-03-11,2026-03-11
2019-10-04,"DTB3",1.68,2026-03-11,2026-03-11
2019-10-07,"DTB3",1.71,2026-03-11,2026-03-11
2019-10-08,"DTB3",1.68,2026-03-11,2026-03-11
2019-10-09,"DTB3",1.66,2026-03-11,2026-03-11
2019-10-10,"DTB3",1.65,2026-03-11,2026-03-11
2019-10-11,"DTB3",1.65,2026-03-11,2026-03-11
2019-10-14,"DTB3",NA,2026-03-11,2026-03-11
2019-10-15,"DTB3",1.64,2026-03-11,2026-03-11
2019-10-16,"DTB3",1.63,2026-03-11,2026-03-11
2019-10-17,"DTB3",1.63,2026-03-11,2026-03-11
2019-10-18,"DTB3",1.63,2026-03-11,2026-03-11
2019-10-21,"DTB3",1.64,2026-03-11,2026-03-11
2019-10-22,"DTB3",1.62,2026-03-11,2026-03-11
2019-10-23,"DTB3",1.62,2026-03-11,2026-03-11
2019-10-24,"DTB3",1.64,2026-03-11,2026-03-11
2019-10-25,"DTB3",1.63,2026-03-11,2026-03-11
2019-10-28,"DTB3",1.62,2026-03-11,2026-03-11
2019-10-29,"DTB3",1.6,2026-03-11,2026-03-11
2019-10-30,"DTB3",1.59,2026-03-11,2026-03-11
2019-10-31,"DTB3",1.51,2026-03-11,2026-03-11
2019-11-01,"DTB3",1.49,2026-03-11,2026-03-11
2019-11-04,"DTB3",1.5,2026-03-11,2026-03-11
2019-11-05,"DTB3",1.53,2026-03-11,2026-03-11
2019-11-06,"DTB3",1.53,2026-03-11,2026-03-11
2019-11-07,"DTB3",1.53,2026-03-11,2026-03-11
2019-11-08,"DTB3",1.52,2026-03-11,2026-03-11
2019-11-11,"DTB3",NA,2026-03-11,2026-03-11
2019-11-12,"DTB3",1.56,2026-03-11,2026-03-11
2019-11-13,"DTB3",1.54,2026-03-11,2026-03-11
2019-11-14,"DTB3",1.54,2026-03-11,2026-03-11
2019-11-15,"DTB3",1.54,2026-03-11,2026-03-11
2019-11-18,"DTB3",1.54,2026-03-11,2026-03-11
2019-11-19,"DTB3",1.54,2026-03-11,2026-03-11
2019-11-20,"DTB3",1.54,2026-03-11,2026-03-11
2019-11-21,"DTB3",1.55,2026-03-11,2026-03-11
2019-11-22,"DTB3",1.55,2026-03-11,2026-03-11
2019-11-25,"DTB3",1.58,2026-03-11,2026-03-11
2019-11-26,"DTB3",1.57,2026-03-11,2026-03-11
2019-11-27,"DTB3",1.59,2026-03-11,2026-03-11
2019-11-28,"DTB3",NA,2026-03-11,2026-03-11
2019-11-29,"DTB3",1.56,2026-03-11,2026-03-11
2019-12-02,"DTB3",1.57,2026-03-11,2026-03-11
2019-12-03,"DTB3",1.54,2026-03-11,2026-03-11
2019-12-04,"DTB3",1.52,2026-03-11,2026-03-11
2019-12-05,"DTB3",1.51,2026-03-11,2026-03-11
2019-12-06,"DTB3",1.5,2026-03-11,2026-03-11
2019-12-09,"DTB3",1.51,2026-03-11,2026-03-11
2019-12-10,"DTB3",1.53,2026-03-11,2026-03-11
2019-12-11,"DTB3",1.54,2026-03-11,2026-03-11
2019-12-12,"DTB3",1.53,2026-03-11,2026-03-11
2019-12-13,"DTB3",1.54,2026-03-11,2026-03-11
2019-12-16,"DTB3",1.54,2026-03-11,2026-03-11
2019-12-17,"DTB3",1.53,2026-03-11,2026-03-11
2019-12-18,"DTB3",1.53,2026-03-11,2026-03-11
2019-12-19,"DTB3",1.54,2026-03-11,2026-03-11
2019-12-20,"DTB3",1.55,2026-03-11,2026-03-11
2019-12-23,"DTB3",1.56,2026-03-11,2026-03-11
2019-12-24,"DTB3",1.55,2026-03-11,2026-03-11
2019-12-25,"DTB3",NA,2026-03-11,2026-03-11
2019-12-26,"DTB3",1.55,2026-03-11,2026-03-11
2019-12-27,"DTB3",1.54,2026-03-11,2026-03-11
2019-12-30,"DTB3",1.54,2026-03-11,2026-03-11
2019-12-31,"DTB3",1.52,2026-03-11,2026-03-11
2020-01-01,"DTB3",NA,2026-03-11,2026-03-11
2020-01-02,"DTB3",1.51,2026-03-11,2026-03-11
2020-01-03,"DTB3",1.49,2026-03-11,2026-03-11
2020-01-06,"DTB3",1.53,2026-03-11,2026-03-11
2020-01-07,"DTB3",1.51,2026-03-11,2026-03-11
2020-01-08,"DTB3",1.51,2026-03-11,2026-03-11
2020-01-09,"DTB3",1.51,2026-03-11,2026-03-11
2020-01-10,"DTB3",1.51,2026-03-11,2026-03-11
2020-01-13,"DTB3",1.54,2026-03-11,2026-03-11
2020-01-14,"DTB3",1.54,2026-03-11,2026-03-11
2020-01-15,"DTB3",1.54,2026-03-11,2026-03-11
2020-01-16,"DTB3",1.52,2026-03-11,2026-03-11
2020-01-17,"DTB3",1.53,2026-03-11,2026-03-11
2020-01-20,"DTB3",NA,2026-03-11,2026-03-11
2020-01-21,"DTB3",1.53,2026-03-11,2026-03-11
2020-01-22,"DTB3",1.52,2026-03-11,2026-03-11
2020-01-23,"DTB3",1.52,2026-03-11,2026-03-11
2020-01-24,"DTB3",1.51,2026-03-11,2026-03-11
2020-01-27,"DTB3",1.52,2026-03-11,2026-03-11
2020-01-28,"DTB3",1.54,2026-03-11,2026-03-11
2020-01-29,"DTB3",1.53,2026-03-11,2026-03-11
2020-01-30,"DTB3",1.54,2026-03-11,2026-03-11
2020-01-31,"DTB3",1.52,2026-03-11,2026-03-11
2020-02-03,"DTB3",1.54,2026-03-11,2026-03-11
2020-02-04,"DTB3",1.54,2026-03-11,2026-03-11
2020-02-05,"DTB3",1.54,2026-03-11,2026-03-11
2020-02-06,"DTB3",1.54,2026-03-11,2026-03-11
2020-02-07,"DTB3",1.53,2026-03-11,2026-03-11
2020-02-10,"DTB3",1.55,2026-03-11,2026-03-11
2020-02-11,"DTB3",1.54,2026-03-11,2026-03-11
2020-02-12,"DTB3",1.55,2026-03-11,2026-03-11
2020-02-13,"DTB3",1.56,2026-03-11,2026-03-11
2020-02-14,"DTB3",1.55,2026-03-11,2026-03-11
2020-02-17,"DTB3",NA,2026-03-11,2026-03-11
2020-02-18,"DTB3",1.55,2026-03-11,2026-03-11
2020-02-19,"DTB3",1.55,2026-03-11,2026-03-11
2020-02-20,"DTB3",1.55,2026-03-11,2026-03-11
2020-02-21,"DTB3",1.53,2026-03-11,2026-03-11
2020-02-24,"DTB3",1.5,2026-03-11,2026-03-11
2020-02-25,"DTB3",1.5,2026-03-11,2026-03-11
2020-02-26,"DTB3",1.5,2026-03-11,2026-03-11
2020-02-27,"DTB3",1.42,2026-03-11,2026-03-11
2020-02-28,"DTB3",1.25,2026-03-11,2026-03-11
2020-03-02,"DTB3",1.1,2026-03-11,2026-03-11
2020-03-03,"DTB3",0.93,2026-03-11,2026-03-11
2020-03-04,"DTB3",0.71,2026-03-11,2026-03-11
2020-03-05,"DTB3",0.61,2026-03-11,2026-03-11
2020-03-06,"DTB3",0.45,2026-03-11,2026-03-11
2020-03-09,"DTB3",0.32,2026-03-11,2026-03-11
2020-03-10,"DTB3",0.43,2026-03-11,2026-03-11
2020-03-11,"DTB3",0.41,2026-03-11,2026-03-11
2020-03-12,"DTB3",0.33,2026-03-11,2026-03-11
2020-03-13,"DTB3",0.27,2026-03-11,2026-03-11
2020-03-16,"DTB3",0.24,2026-03-11,2026-03-11
2020-03-17,"DTB3",0.19,2026-03-11,2026-03-11
2020-03-18,"DTB3",0.02,2026-03-11,2026-03-11
2020-03-19,"DTB3",0.04,2026-03-11,2026-03-11
2020-03-20,"DTB3",0.05,2026-03-11,2026-03-11
2020-03-23,"DTB3",0.02,2026-03-11,2026-03-11
2020-03-24,"DTB3",0.01,2026-03-11,2026-03-11
2020-03-25,"DTB3",-0.04,2026-03-11,2026-03-11
2020-03-26,"DTB3",-0.05,2026-03-11,2026-03-11
2020-03-27,"DTB3",0.03,2026-03-11,2026-03-11
2020-03-30,"DTB3",0.12,2026-03-11,2026-03-11
2020-03-31,"DTB3",0.11,2026-03-11,2026-03-11
2020-04-01,"DTB3",0.09,2026-03-11,2026-03-11
2020-04-02,"DTB3",0.09,2026-03-11,2026-03-11
2020-04-03,"DTB3",0.1,2026-03-11,2026-03-11
2020-04-06,"DTB3",0.15,2026-03-11,2026-03-11
2020-04-07,"DTB3",0.14,2026-03-11,2026-03-11
2020-04-08,"DTB3",0.22,2026-03-11,2026-03-11
2020-04-09,"DTB3",0.25,2026-03-11,2026-03-11
2020-04-10,"DTB3",NA,2026-03-11,2026-03-11
2020-04-13,"DTB3",0.26,2026-03-11,2026-03-11
2020-04-14,"DTB3",0.2,2026-03-11,2026-03-11
2020-04-15,"DTB3",0.14,2026-03-11,2026-03-11
2020-04-16,"DTB3",0.14,2026-03-11,2026-03-11
2020-04-17,"DTB3",0.12,2026-03-11,2026-03-11
2020-04-20,"DTB3",0.12,2026-03-11,2026-03-11
2020-04-21,"DTB3",0.11,2026-03-11,2026-03-11
2020-04-22,"DTB3",0.12,2026-03-11,2026-03-11
2020-04-23,"DTB3",0.11,2026-03-11,2026-03-11
2020-04-24,"DTB3",0.12,2026-03-11,2026-03-11
2020-04-27,"DTB3",0.12,2026-03-11,2026-03-11
2020-04-28,"DTB3",0.11,2026-03-11,2026-03-11
2020-04-29,"DTB3",0.1,2026-03-11,2026-03-11
2020-04-30,"DTB3",0.09,2026-03-11,2026-03-11
2020-05-01,"DTB3",0.12,2026-03-11,2026-03-11
2020-05-04,"DTB3",0.13,2026-03-11,2026-03-11
2020-05-05,"DTB3",0.13,2026-03-11,2026-03-11
2020-05-06,"DTB3",0.12,2026-03-11,2026-03-11
2020-05-07,"DTB3",0.11,2026-03-11,2026-03-11
2020-05-08,"DTB3",0.12,2026-03-11,2026-03-11
2020-05-11,"DTB3",0.12,2026-03-11,2026-03-11
2020-05-12,"DTB3",0.13,2026-03-11,2026-03-11
2020-05-13,"DTB3",0.13,2026-03-11,2026-03-11
2020-05-14,"DTB3",0.12,2026-03-11,2026-03-11
2020-05-15,"DTB3",0.12,2026-03-11,2026-03-11
2020-05-18,"DTB3",0.13,2026-03-11,2026-03-11
2020-05-19,"DTB3",0.13,2026-03-11,2026-03-11
2020-05-20,"DTB3",0.12,2026-03-11,2026-03-11
2020-05-21,"DTB3",0.12,2026-03-11,2026-03-11
2020-05-22,"DTB3",0.12,2026-03-11,2026-03-11
2020-05-25,"DTB3",NA,2026-03-11,2026-03-11
2020-05-26,"DTB3",0.14,2026-03-11,2026-03-11
2020-05-27,"DTB3",0.15,2026-03-11,2026-03-11
2020-05-28,"DTB3",0.15,2026-03-11,2026-03-11
2020-05-29,"DTB3",0.14,2026-03-11,2026-03-11
2020-06-01,"DTB3",0.14,2026-03-11,2026-03-11
2020-06-02,"DTB3",0.15,2026-03-11,2026-03-11
2020-06-03,"DTB3",0.16,2026-03-11,2026-03-11
2020-06-04,"DTB3",0.15,2026-03-11,2026-03-11
2020-06-05,"DTB3",0.15,2026-03-11,2026-03-11
2020-06-08,"DTB3",0.17,2026-03-11,2026-03-11
2020-06-09,"DTB3",0.19,2026-03-11,2026-03-11
2020-06-10,"DTB3",0.17,2026-03-11,2026-03-11
2020-06-11,"DTB3",0.17,2026-03-11,2026-03-11
2020-06-12,"DTB3",0.16,2026-03-11,2026-03-11
2020-06-15,"DTB3",0.18,2026-03-11,2026-03-11
2020-06-16,"DTB3",0.17,2026-03-11,2026-03-11
2020-06-17,"DTB3",0.17,2026-03-11,2026-03-11
2020-06-18,"DTB3",0.16,2026-03-11,2026-03-11
2020-06-19,"DTB3",0.15,2026-03-11,2026-03-11
2020-06-22,"DTB3",0.16,2026-03-11,2026-03-11
2020-06-23,"DTB3",0.16,2026-03-11,2026-03-11
2020-06-24,"DTB3",0.15,2026-03-11,2026-03-11
2020-06-25,"DTB3",0.16,2026-03-11,2026-03-11
2020-06-26,"DTB3",0.14,2026-03-11,2026-03-11
2020-06-29,"DTB3",0.14,2026-03-11,2026-03-11
2020-06-30,"DTB3",0.16,2026-03-11,2026-03-11
2020-07-01,"DTB3",0.14,2026-03-11,2026-03-11
2020-07-02,"DTB3",0.14,2026-03-11,2026-03-11
2020-07-03,"DTB3",NA,2026-03-11,2026-03-11
2020-07-06,"DTB3",0.15,2026-03-11,2026-03-11
2020-07-07,"DTB3",0.15,2026-03-11,2026-03-11
2020-07-08,"DTB3",0.15,2026-03-11,2026-03-11
2020-07-09,"DTB3",0.13,2026-03-11,2026-03-11
2020-07-10,"DTB3",0.13,2026-03-11,2026-03-11
2020-07-13,"DTB3",0.14,2026-03-11,2026-03-11
2020-07-14,"DTB3",0.15,2026-03-11,2026-03-11
2020-07-15,"DTB3",0.16,2026-03-11,2026-03-11
2020-07-16,"DTB3",0.11,2026-03-11,2026-03-11
2020-07-17,"DTB3",0.11,2026-03-11,2026-03-11
2020-07-20,"DTB3",0.13,2026-03-11,2026-03-11
2020-07-21,"DTB3",0.13,2026-03-11,2026-03-11
2020-07-22,"DTB3",0.13,2026-03-11,2026-03-11
2020-07-23,"DTB3",0.12,2026-03-11,2026-03-11
2020-07-24,"DTB3",0.11,2026-03-11,2026-03-11
2020-07-27,"DTB3",0.11,2026-03-11,2026-03-11
2020-07-28,"DTB3",0.11,2026-03-11,2026-03-11
2020-07-29,"DTB3",0.11,2026-03-11,2026-03-11
2020-07-30,"DTB3",0.09,2026-03-11,2026-03-11
2020-07-31,"DTB3",0.09,2026-03-11,2026-03-11
2020-08-03,"DTB3",0.1,2026-03-11,2026-03-11
2020-08-04,"DTB3",0.09,2026-03-11,2026-03-11
2020-08-05,"DTB3",0.1,2026-03-11,2026-03-11
2020-08-06,"DTB3",0.1,2026-03-11,2026-03-11
2020-08-07,"DTB3",0.1,2026-03-11,2026-03-11
2020-08-10,"DTB3",0.11,2026-03-11,2026-03-11
2020-08-11,"DTB3",0.11,2026-03-11,2026-03-11
2020-08-12,"DTB3",0.11,2026-03-11,2026-03-11
2020-08-13,"DTB3",0.1,2026-03-11,2026-03-11
2020-08-14,"DTB3",0.1,2026-03-11,2026-03-11
2020-08-17,"DTB3",0.1,2026-03-11,2026-03-11
2020-08-18,"DTB3",0.09,2026-03-11,2026-03-11
2020-08-19,"DTB3",0.11,2026-03-11,2026-03-11
2020-08-20,"DTB3",0.11,2026-03-11,2026-03-11
2020-08-21,"DTB3",0.1,2026-03-11,2026-03-11
2020-08-24,"DTB3",0.12,2026-03-11,2026-03-11
2020-08-25,"DTB3",0.11,2026-03-11,2026-03-11
2020-08-26,"DTB3",0.11,2026-03-11,2026-03-11
2020-08-27,"DTB3",0.11,2026-03-11,2026-03-11
2020-08-28,"DTB3",0.1,2026-03-11,2026-03-11
2020-08-31,"DTB3",0.11,2026-03-11,2026-03-11
2020-09-01,"DTB3",0.12,2026-03-11,2026-03-11
2020-09-02,"DTB3",0.12,2026-03-11,2026-03-11
2020-09-03,"DTB3",0.11,2026-03-11,2026-03-11
2020-09-04,"DTB3",0.11,2026-03-11,2026-03-11
2020-09-07,"DTB3",NA,2026-03-11,2026-03-11
2020-09-08,"DTB3",0.13,2026-03-11,2026-03-11
2020-09-09,"DTB3",0.12,2026-03-11,2026-03-11
2020-09-10,"DTB3",0.12,2026-03-11,2026-03-11
2020-09-11,"DTB3",0.11,2026-03-11,2026-03-11
2020-09-14,"DTB3",0.11,2026-03-11,2026-03-11
2020-09-15,"DTB3",0.11,2026-03-11,2026-03-11
2020-09-16,"DTB3",0.12,2026-03-11,2026-03-11
2020-09-17,"DTB3",0.09,2026-03-11,2026-03-11
2020-09-18,"DTB3",0.1,2026-03-11,2026-03-11
2020-09-21,"DTB3",0.1,2026-03-11,2026-03-11
2020-09-22,"DTB3",0.1,2026-03-11,2026-03-11
2020-09-23,"DTB3",0.11,2026-03-11,2026-03-11
2020-09-24,"DTB3",0.1,2026-03-11,2026-03-11
2020-09-25,"DTB3",0.1,2026-03-11,2026-03-11
2020-09-28,"DTB3",0.11,2026-03-11,2026-03-11
2020-09-29,"DTB3",0.09,2026-03-11,2026-03-11
2020-09-30,"DTB3",0.1,2026-03-11,2026-03-11
2020-10-01,"DTB3",0.09,2026-03-11,2026-03-11
2020-10-02,"DTB3",0.09,2026-03-11,2026-03-11
2020-10-05,"DTB3",0.1,2026-03-11,2026-03-11
2020-10-06,"DTB3",0.1,2026-03-11,2026-03-11
2020-10-07,"DTB3",0.1,2026-03-11,2026-03-11
2020-10-08,"DTB3",0.09,2026-03-11,2026-03-11
2020-10-09,"DTB3",0.1,2026-03-11,2026-03-11
2020-10-12,"DTB3",NA,2026-03-11,2026-03-11
2020-10-13,"DTB3",0.11,2026-03-11,2026-03-11
2020-10-14,"DTB3",0.12,2026-03-11,2026-03-11
2020-10-15,"DTB3",0.11,2026-03-11,2026-03-11
2020-10-16,"DTB3",0.11,2026-03-11,2026-03-11
2020-10-19,"DTB3",0.11,2026-03-11,2026-03-11
2020-10-20,"DTB3",0.1,2026-03-11,2026-03-11
2020-10-21,"DTB3",0.1,2026-03-11,2026-03-11
2020-10-22,"DTB3",0.09,2026-03-11,2026-03-11
2020-10-23,"DTB3",0.1,2026-03-11,2026-03-11
2020-10-26,"DTB3",0.11,2026-03-11,2026-03-11
2020-10-27,"DTB3",0.1,2026-03-11,2026-03-11
2020-10-28,"DTB3",0.1,2026-03-11,2026-03-11
2020-10-29,"DTB3",0.09,2026-03-11,2026-03-11
2020-10-30,"DTB3",0.09,2026-03-11,2026-03-11
2020-11-02,"DTB3",0.09,2026-03-11,2026-03-11
2020-11-03,"DTB3",0.1,2026-03-11,2026-03-11
2020-11-04,"DTB3",0.1,2026-03-11,2026-03-11
2020-11-05,"DTB3",0.1,2026-03-11,2026-03-11
2020-11-06,"DTB3",0.1,2026-03-11,2026-03-11
2020-11-09,"DTB3",0.11,2026-03-11,2026-03-11
2020-11-10,"DTB3",0.1,2026-03-11,2026-03-11
2020-11-11,"DTB3",NA,2026-03-11,2026-03-11
2020-11-12,"DTB3",0.1,2026-03-11,2026-03-11
2020-11-13,"DTB3",0.09,2026-03-11,2026-03-11
2020-11-16,"DTB3",0.09,2026-03-11,2026-03-11
2020-11-17,"DTB3",0.09,2026-03-11,2026-03-11
2020-11-18,"DTB3",0.09,2026-03-11,2026-03-11
2020-11-19,"DTB3",0.07,2026-03-11,2026-03-11
2020-11-20,"DTB3",0.07,2026-03-11,2026-03-11
2020-11-23,"DTB3",0.08,2026-03-11,2026-03-11
2020-11-24,"DTB3",0.09,2026-03-11,2026-03-11
2020-11-25,"DTB3",0.09,2026-03-11,2026-03-11
2020-11-26,"DTB3",NA,2026-03-11,2026-03-11
2020-11-27,"DTB3",0.09,2026-03-11,2026-03-11
2020-11-30,"DTB3",0.08,2026-03-11,2026-03-11
2020-12-01,"DTB3",0.09,2026-03-11,2026-03-11
2020-12-02,"DTB3",0.09,2026-03-11,2026-03-11
2020-12-03,"DTB3",0.08,2026-03-11,2026-03-11
2020-12-04,"DTB3",0.09,2026-03-11,2026-03-11
2020-12-07,"DTB3",0.08,2026-03-11,2026-03-11
2020-12-08,"DTB3",0.09,2026-03-11,2026-03-11
2020-12-09,"DTB3",0.08,2026-03-11,2026-03-11
2020-12-10,"DTB3",0.08,2026-03-11,2026-03-11
2020-12-11,"DTB3",0.08,2026-03-11,2026-03-11
2020-12-14,"DTB3",0.09,2026-03-11,2026-03-11
2020-12-15,"DTB3",0.08,2026-03-11,2026-03-11
2020-12-16,"DTB3",0.09,2026-03-11,2026-03-11
2020-12-17,"DTB3",0.08,2026-03-11,2026-03-11
2020-12-18,"DTB3",0.08,2026-03-11,2026-03-11
2020-12-21,"DTB3",0.09,2026-03-11,2026-03-11
2020-12-22,"DTB3",0.09,2026-03-11,2026-03-11
2020-12-23,"DTB3",0.09,2026-03-11,2026-03-11
2020-12-24,"DTB3",0.09,2026-03-11,2026-03-11
2020-12-25,"DTB3",NA,2026-03-11,2026-03-11
2020-12-28,"DTB3",0.11,2026-03-11,2026-03-11
2020-12-29,"DTB3",0.1,2026-03-11,2026-03-11
2020-12-30,"DTB3",0.08,2026-03-11,2026-03-11
2020-12-31,"DTB3",0.09,2026-03-11,2026-03-11
2021-01-01,"DTB3",NA,2026-03-11,2026-03-11
2021-01-04,"DTB3",0.09,2026-03-11,2026-03-11
2021-01-05,"DTB3",0.09,2026-03-11,2026-03-11
2021-01-06,"DTB3",0.09,2026-03-11,2026-03-11
2021-01-07,"DTB3",0.09,2026-03-11,2026-03-11
2021-01-08,"DTB3",0.08,2026-03-11,2026-03-11
2021-01-11,"DTB3",0.08,2026-03-11,2026-03-11
2021-01-12,"DTB3",0.09,2026-03-11,2026-03-11
2021-01-13,"DTB3",0.09,2026-03-11,2026-03-11
2021-01-14,"DTB3",0.09,2026-03-11,2026-03-11
2021-01-15,"DTB3",0.09,2026-03-11,2026-03-11
2021-01-18,"DTB3",NA,2026-03-11,2026-03-11
2021-01-19,"DTB3",0.09,2026-03-11,2026-03-11
2021-01-20,"DTB3",0.08,2026-03-11,2026-03-11
2021-01-21,"DTB3",0.09,2026-03-11,2026-03-11
2021-01-22,"DTB3",0.08,2026-03-11,2026-03-11
2021-01-25,"DTB3",0.09,2026-03-11,2026-03-11
2021-01-26,"DTB3",0.07,2026-03-11,2026-03-11
2021-01-27,"DTB3",0.08,2026-03-11,2026-03-11
2021-01-28,"DTB3",0.07,2026-03-11,2026-03-11
2021-01-29,"DTB3",0.06,2026-03-11,2026-03-11
2021-02-01,"DTB3",0.07,2026-03-11,2026-03-11
2021-02-02,"DTB3",0.07,2026-03-11,2026-03-11
2021-02-03,"DTB3",0.04,2026-03-11,2026-03-11
2021-02-04,"DTB3",0.04,2026-03-11,2026-03-11
2021-02-05,"DTB3",0.03,2026-03-11,2026-03-11
2021-02-08,"DTB3",0.05,2026-03-11,2026-03-11
2021-02-09,"DTB3",0.04,2026-03-11,2026-03-11
2021-02-10,"DTB3",0.05,2026-03-11,2026-03-11
2021-02-11,"DTB3",0.05,2026-03-11,2026-03-11
2021-02-12,"DTB3",0.04,2026-03-11,2026-03-11
2021-02-15,"DTB3",NA,2026-03-11,2026-03-11
2021-02-16,"DTB3",0.04,2026-03-11,2026-03-11
2021-02-17,"DTB3",0.04,2026-03-11,2026-03-11
2021-02-18,"DTB3",0.03,2026-03-11,2026-03-11
2021-02-19,"DTB3",0.04,2026-03-11,2026-03-11
2021-02-22,"DTB3",0.03,2026-03-11,2026-03-11
2021-02-23,"DTB3",0.04,2026-03-11,2026-03-11
2021-02-24,"DTB3",0.03,2026-03-11,2026-03-11
2021-02-25,"DTB3",0.04,2026-03-11,2026-03-11
2021-02-26,"DTB3",0.04,2026-03-11,2026-03-11
2021-03-01,"DTB3",0.05,2026-03-11,2026-03-11
2021-03-02,"DTB3",0.04,2026-03-11,2026-03-11
2021-03-03,"DTB3",0.05,2026-03-11,2026-03-11
2021-03-04,"DTB3",0.04,2026-03-11,2026-03-11
2021-03-05,"DTB3",0.04,2026-03-11,2026-03-11
2021-03-08,"DTB3",0.05,2026-03-11,2026-03-11
2021-03-09,"DTB3",0.05,2026-03-11,2026-03-11
2021-03-10,"DTB3",0.04,2026-03-11,2026-03-11
2021-03-11,"DTB3",0.04,2026-03-11,2026-03-11
2021-03-12,"DTB3",0.04,2026-03-11,2026-03-11
2021-03-15,"DTB3",0.04,2026-03-11,2026-03-11
2021-03-16,"DTB3",0.02,2026-03-11,2026-03-11
2021-03-17,"DTB3",0.02,2026-03-11,2026-03-11
2021-03-18,"DTB3",0.01,2026-03-11,2026-03-11
2021-03-19,"DTB3",0.01,2026-03-11,2026-03-11
2021-03-22,"DTB3",0.03,2026-03-11,2026-03-11
2021-03-23,"DTB3",0.01,2026-03-11,2026-03-11
2021-03-24,"DTB3",0.02,2026-03-11,2026-03-11
2021-03-25,"DTB3",0.02,2026-03-11,2026-03-11
2021-03-26,"DTB3",0.02,2026-03-11,2026-03-11
2021-03-29,"DTB3",0.03,2026-03-11,2026-03-11
2021-03-30,"DTB3",0.02,2026-03-11,2026-03-11
2021-03-31,"DTB3",0.03,2026-03-11,2026-03-11
2021-04-01,"DTB3",0.02,2026-03-11,2026-03-11
2021-04-02,"DTB3",0.02,2026-03-11,2026-03-11
2021-04-05,"DTB3",0.03,2026-03-11,2026-03-11
2021-04-06,"DTB3",0.02,2026-03-11,2026-03-11
2021-04-07,"DTB3",0.02,2026-03-11,2026-03-11
2021-04-08,"DTB3",0.01,2026-03-11,2026-03-11
2021-04-09,"DTB3",0.02,2026-03-11,2026-03-11
2021-04-12,"DTB3",0.02,2026-03-11,2026-03-11
2021-04-13,"DTB3",0.03,2026-03-11,2026-03-11
2021-04-14,"DTB3",0.02,2026-03-11,2026-03-11
2021-04-15,"DTB3",0.02,2026-03-11,2026-03-11
2021-04-16,"DTB3",0.02,2026-03-11,2026-03-11
2021-04-19,"DTB3",0.02,2026-03-11,2026-03-11
2021-04-20,"DTB3",0.03,2026-03-11,2026-03-11
2021-04-21,"DTB3",0.03,2026-03-11,2026-03-11
2021-04-22,"DTB3",0.03,2026-03-11,2026-03-11
2021-04-23,"DTB3",0.03,2026-03-11,2026-03-11
2021-04-26,"DTB3",0.03,2026-03-11,2026-03-11
2021-04-27,"DTB3",0.01,2026-03-11,2026-03-11
2021-04-28,"DTB3",0.01,2026-03-11,2026-03-11
2021-04-29,"DTB3",0.01,2026-03-11,2026-03-11
2021-04-30,"DTB3",0.01,2026-03-11,2026-03-11
2021-05-03,"DTB3",0.04,2026-03-11,2026-03-11
2021-05-04,"DTB3",0.02,2026-03-11,2026-03-11
2021-05-05,"DTB3",0.02,2026-03-11,2026-03-11
2021-05-06,"DTB3",0.02,2026-03-11,2026-03-11
2021-05-07,"DTB3",0.02,2026-03-11,2026-03-11
2021-05-10,"DTB3",0.02,2026-03-11,2026-03-11
2021-05-11,"DTB3",0.01,2026-03-11,2026-03-11
2021-05-12,"DTB3",0.02,2026-03-11,2026-03-11
2021-05-13,"DTB3",0.02,2026-03-11,2026-03-11
2021-05-14,"DTB3",0.01,2026-03-11,2026-03-11
2021-05-17,"DTB3",0.02,2026-03-11,2026-03-11
2021-05-18,"DTB3",0.02,2026-03-11,2026-03-11
2021-05-19,"DTB3",0.01,2026-03-11,2026-03-11
2021-05-20,"DTB3",0.01,2026-03-11,2026-03-11
2021-05-21,"DTB3",0.01,2026-03-11,2026-03-11
2021-05-24,"DTB3",0.02,2026-03-11,2026-03-11
2021-05-25,"DTB3",0.02,2026-03-11,2026-03-11
2021-05-26,"DTB3",0.02,2026-03-11,2026-03-11
2021-05-27,"DTB3",0.02,2026-03-11,2026-03-11
2021-05-28,"DTB3",0.01,2026-03-11,2026-03-11
2021-05-31,"DTB3",NA,2026-03-11,2026-03-11
2021-06-01,"DTB3",0.02,2026-03-11,2026-03-11
2021-06-02,"DTB3",0.02,2026-03-11,2026-03-11
2021-06-03,"DTB3",0.02,2026-03-11,2026-03-11
2021-06-04,"DTB3",0.02,2026-03-11,2026-03-11
2021-06-07,"DTB3",0.02,2026-03-11,2026-03-11
2021-06-08,"DTB3",0.02,2026-03-11,2026-03-11
2021-06-09,"DTB3",0.03,2026-03-11,2026-03-11
2021-06-10,"DTB3",0.03,2026-03-11,2026-03-11
2021-06-11,"DTB3",0.03,2026-03-11,2026-03-11
2021-06-14,"DTB3",0.03,2026-03-11,2026-03-11
2021-06-15,"DTB3",0.03,2026-03-11,2026-03-11
2021-06-16,"DTB3",0.04,2026-03-11,2026-03-11
2021-06-17,"DTB3",0.04,2026-03-11,2026-03-11
2021-06-18,"DTB3",0.05,2026-03-11,2026-03-11
2021-06-21,"DTB3",0.05,2026-03-11,2026-03-11
2021-06-22,"DTB3",0.04,2026-03-11,2026-03-11
2021-06-23,"DTB3",0.05,2026-03-11,2026-03-11
2021-06-24,"DTB3",0.05,2026-03-11,2026-03-11
2021-06-25,"DTB3",0.06,2026-03-11,2026-03-11
2021-06-28,"DTB3",0.05,2026-03-11,2026-03-11
2021-06-29,"DTB3",0.04,2026-03-11,2026-03-11
2021-06-30,"DTB3",0.05,2026-03-11,2026-03-11
2021-07-01,"DTB3",0.05,2026-03-11,2026-03-11
2021-07-02,"DTB3",0.05,2026-03-11,2026-03-11
2021-07-05,"DTB3",NA,2026-03-11,2026-03-11
2021-07-06,"DTB3",0.05,2026-03-11,2026-03-11
2021-07-07,"DTB3",0.05,2026-03-11,2026-03-11
2021-07-08,"DTB3",0.06,2026-03-11,2026-03-11
2021-07-09,"DTB3",0.06,2026-03-11,2026-03-11
2021-07-12,"DTB3",0.05,2026-03-11,2026-03-11
2021-07-13,"DTB3",0.05,2026-03-11,2026-03-11
2021-07-14,"DTB3",0.06,2026-03-11,2026-03-11
2021-07-15,"DTB3",0.05,2026-03-11,2026-03-11
2021-07-16,"DTB3",0.05,2026-03-11,2026-03-11
2021-07-19,"DTB3",0.05,2026-03-11,2026-03-11
2021-07-20,"DTB3",0.05,2026-03-11,2026-03-11
2021-07-21,"DTB3",0.05,2026-03-11,2026-03-11
2021-07-22,"DTB3",0.05,2026-03-11,2026-03-11
2021-07-23,"DTB3",0.05,2026-03-11,2026-03-11
2021-07-26,"DTB3",0.05,2026-03-11,2026-03-11
2021-07-27,"DTB3",0.05,2026-03-11,2026-03-11
2021-07-28,"DTB3",0.05,2026-03-11,2026-03-11
2021-07-29,"DTB3",0.06,2026-03-11,2026-03-11
2021-07-30,"DTB3",0.06,2026-03-11,2026-03-11
2021-08-02,"DTB3",0.05,2026-03-11,2026-03-11
2021-08-03,"DTB3",0.05,2026-03-11,2026-03-11
2021-08-04,"DTB3",0.05,2026-03-11,2026-03-11
2021-08-05,"DTB3",0.05,2026-03-11,2026-03-11
2021-08-06,"DTB3",0.06,2026-03-11,2026-03-11
2021-08-09,"DTB3",0.06,2026-03-11,2026-03-11
2021-08-10,"DTB3",0.05,2026-03-11,2026-03-11
2021-08-11,"DTB3",0.05,2026-03-11,2026-03-11
2021-08-12,"DTB3",0.06,2026-03-11,2026-03-11
2021-08-13,"DTB3",0.06,2026-03-11,2026-03-11
2021-08-16,"DTB3",0.06,2026-03-11,2026-03-11
2021-08-17,"DTB3",0.07,2026-03-11,2026-03-11
2021-08-18,"DTB3",0.07,2026-03-11,2026-03-11
2021-08-19,"DTB3",0.06,2026-03-11,2026-03-11
2021-08-20,"DTB3",0.05,2026-03-11,2026-03-11
2021-08-23,"DTB3",0.05,2026-03-11,2026-03-11
2021-08-24,"DTB3",0.05,2026-03-11,2026-03-11
2021-08-25,"DTB3",0.06,2026-03-11,2026-03-11
2021-08-26,"DTB3",0.05,2026-03-11,2026-03-11
2021-08-27,"DTB3",0.05,2026-03-11,2026-03-11
2021-08-30,"DTB3",0.05,2026-03-11,2026-03-11
2021-08-31,"DTB3",0.04,2026-03-11,2026-03-11
2021-09-01,"DTB3",0.05,2026-03-11,2026-03-11
2021-09-02,"DTB3",0.05,2026-03-11,2026-03-11
2021-09-03,"DTB3",0.05,2026-03-11,2026-03-11
2021-09-06,"DTB3",NA,2026-03-11,2026-03-11
2021-09-07,"DTB3",0.05,2026-03-11,2026-03-11
2021-09-08,"DTB3",0.05,2026-03-11,2026-03-11
2021-09-09,"DTB3",0.04,2026-03-11,2026-03-11
2021-09-10,"DTB3",0.05,2026-03-11,2026-03-11
2021-09-13,"DTB3",0.06,2026-03-11,2026-03-11
2021-09-14,"DTB3",0.04,2026-03-11,2026-03-11
2021-09-15,"DTB3",0.04,2026-03-11,2026-03-11
2021-09-16,"DTB3",0.04,2026-03-11,2026-03-11
2021-09-17,"DTB3",0.04,2026-03-11,2026-03-11
2021-09-20,"DTB3",0.04,2026-03-11,2026-03-11
2021-09-21,"DTB3",0.03,2026-03-11,2026-03-11
2021-09-22,"DTB3",0.03,2026-03-11,2026-03-11
2021-09-23,"DTB3",0.03,2026-03-11,2026-03-11
2021-09-24,"DTB3",0.03,2026-03-11,2026-03-11
2021-09-27,"DTB3",0.04,2026-03-11,2026-03-11
2021-09-28,"DTB3",0.04,2026-03-11,2026-03-11
2021-09-29,"DTB3",0.04,2026-03-11,2026-03-11
2021-09-30,"DTB3",0.04,2026-03-11,2026-03-11
2021-10-01,"DTB3",0.04,2026-03-11,2026-03-11
2021-10-04,"DTB3",0.04,2026-03-11,2026-03-11
2021-10-05,"DTB3",0.04,2026-03-11,2026-03-11
2021-10-06,"DTB3",0.04,2026-03-11,2026-03-11
2021-10-07,"DTB3",0.05,2026-03-11,2026-03-11
2021-10-08,"DTB3",0.05,2026-03-11,2026-03-11
2021-10-11,"DTB3",NA,2026-03-11,2026-03-11
2021-10-12,"DTB3",0.06,2026-03-11,2026-03-11
2021-10-13,"DTB3",0.05,2026-03-11,2026-03-11
2021-10-14,"DTB3",0.05,2026-03-11,2026-03-11
2021-10-15,"DTB3",0.05,2026-03-11,2026-03-11
2021-10-18,"DTB3",0.06,2026-03-11,2026-03-11
2021-10-19,"DTB3",0.05,2026-03-11,2026-03-11
2021-10-20,"DTB3",0.05,2026-03-11,2026-03-11
2021-10-21,"DTB3",0.06,2026-03-11,2026-03-11
2021-10-22,"DTB3",0.06,2026-03-11,2026-03-11
2021-10-25,"DTB3",0.06,2026-03-11,2026-03-11
2021-10-26,"DTB3",0.06,2026-03-11,2026-03-11
2021-10-27,"DTB3",0.06,2026-03-11,2026-03-11
2021-10-28,"DTB3",0.06,2026-03-11,2026-03-11
2021-10-29,"DTB3",0.05,2026-03-11,2026-03-11
2021-11-01,"DTB3",0.05,2026-03-11,2026-03-11
2021-11-02,"DTB3",0.05,2026-03-11,2026-03-11
2021-11-03,"DTB3",0.05,2026-03-11,2026-03-11
2021-11-04,"DTB3",0.04,2026-03-11,2026-03-11
2021-11-05,"DTB3",0.05,2026-03-11,2026-03-11
2021-11-08,"DTB3",0.06,2026-03-11,2026-03-11
2021-11-09,"DTB3",0.04,2026-03-11,2026-03-11
2021-11-10,"DTB3",0.05,2026-03-11,2026-03-11
2021-11-11,"DTB3",NA,2026-03-11,2026-03-11
2021-11-12,"DTB3",0.05,2026-03-11,2026-03-11
2021-11-15,"DTB3",0.05,2026-03-11,2026-03-11
2021-11-16,"DTB3",0.05,2026-03-11,2026-03-11
2021-11-17,"DTB3",0.05,2026-03-11,2026-03-11
2021-11-18,"DTB3",0.05,2026-03-11,2026-03-11
2021-11-19,"DTB3",0.05,2026-03-11,2026-03-11
2021-11-22,"DTB3",0.05,2026-03-11,2026-03-11
2021-11-23,"DTB3",0.06,2026-03-11,2026-03-11
2021-11-24,"DTB3",0.06,2026-03-11,2026-03-11
2021-11-25,"DTB3",NA,2026-03-11,2026-03-11
2021-11-26,"DTB3",0.06,2026-03-11,2026-03-11
2021-11-29,"DTB3",0.06,2026-03-11,2026-03-11
2021-11-30,"DTB3",0.05,2026-03-11,2026-03-11
2021-12-01,"DTB3",0.06,2026-03-11,2026-03-11
2021-12-02,"DTB3",0.05,2026-03-11,2026-03-11
2021-12-03,"DTB3",0.06,2026-03-11,2026-03-11
2021-12-06,"DTB3",0.06,2026-03-11,2026-03-11
2021-12-07,"DTB3",0.06,2026-03-11,2026-03-11
2021-12-08,"DTB3",0.07,2026-03-11,2026-03-11
2021-12-09,"DTB3",0.06,2026-03-11,2026-03-11
2021-12-10,"DTB3",0.06,2026-03-11,2026-03-11
2021-12-13,"DTB3",0.05,2026-03-11,2026-03-11
2021-12-14,"DTB3",0.05,2026-03-11,2026-03-11
2021-12-15,"DTB3",0.06,2026-03-11,2026-03-11
2021-12-16,"DTB3",0.05,2026-03-11,2026-03-11
2021-12-17,"DTB3",0.05,2026-03-11,2026-03-11
2021-12-20,"DTB3",0.07,2026-03-11,2026-03-11
2021-12-21,"DTB3",0.07,2026-03-11,2026-03-11
2021-12-22,"DTB3",0.08,2026-03-11,2026-03-11
2021-12-23,"DTB3",0.08,2026-03-11,2026-03-11
2021-12-24,"DTB3",NA,2026-03-11,2026-03-11
2021-12-27,"DTB3",0.06,2026-03-11,2026-03-11
2021-12-28,"DTB3",0.06,2026-03-11,2026-03-11
2021-12-29,"DTB3",0.05,2026-03-11,2026-03-11
2021-12-30,"DTB3",0.05,2026-03-11,2026-03-11
2021-12-31,"DTB3",0.06,2026-03-11,2026-03-11
2022-01-03,"DTB3",0.09,2026-03-11,2026-03-11
2022-01-04,"DTB3",0.08,2026-03-11,2026-03-11
2022-01-05,"DTB3",0.09,2026-03-11,2026-03-11
2022-01-06,"DTB3",0.1,2026-03-11,2026-03-11
2022-01-07,"DTB3",0.1,2026-03-11,2026-03-11
2022-01-10,"DTB3",0.13,2026-03-11,2026-03-11
2022-01-11,"DTB3",0.12,2026-03-11,2026-03-11
2022-01-12,"DTB3",0.12,2026-03-11,2026-03-11
2022-01-13,"DTB3",0.12,2026-03-11,2026-03-11
2022-01-14,"DTB3",0.13,2026-03-11,2026-03-11
2022-01-17,"DTB3",NA,2026-03-11,2026-03-11
2022-01-18,"DTB3",0.17,2026-03-11,2026-03-11
2022-01-19,"DTB3",0.17,2026-03-11,2026-03-11
2022-01-20,"DTB3",0.18,2026-03-11,2026-03-11
2022-01-21,"DTB3",0.17,2026-03-11,2026-03-11
2022-01-24,"DTB3",0.2,2026-03-11,2026-03-11
2022-01-25,"DTB3",0.2,2026-03-11,2026-03-11
2022-01-26,"DTB3",0.19,2026-03-11,2026-03-11
2022-01-27,"DTB3",0.2,2026-03-11,2026-03-11
2022-01-28,"DTB3",0.19,2026-03-11,2026-03-11
2022-01-31,"DTB3",0.24,2026-03-11,2026-03-11
2022-02-01,"DTB3",0.2,2026-03-11,2026-03-11
2022-02-02,"DTB3",0.2,2026-03-11,2026-03-11
2022-02-03,"DTB3",0.21,2026-03-11,2026-03-11
2022-02-04,"DTB3",0.23,2026-03-11,2026-03-11
2022-02-07,"DTB3",0.28,2026-03-11,2026-03-11
2022-02-08,"DTB3",0.27,2026-03-11,2026-03-11
2022-02-09,"DTB3",0.27,2026-03-11,2026-03-11
2022-02-10,"DTB3",0.41,2026-03-11,2026-03-11
2022-02-11,"DTB3",0.37,2026-03-11,2026-03-11
2022-02-14,"DTB3",0.45,2026-03-11,2026-03-11
2022-02-15,"DTB3",0.41,2026-03-11,2026-03-11
2022-02-16,"DTB3",0.39,2026-03-11,2026-03-11
2022-02-17,"DTB3",0.37,2026-03-11,2026-03-11
2022-02-18,"DTB3",0.35,2026-03-11,2026-03-11
2022-02-21,"DTB3",NA,2026-03-11,2026-03-11
2022-02-22,"DTB3",0.39,2026-03-11,2026-03-11
2022-02-23,"DTB3",0.36,2026-03-11,2026-03-11
2022-02-24,"DTB3",0.33,2026-03-11,2026-03-11
2022-02-25,"DTB3",0.33,2026-03-11,2026-03-11
2022-02-28,"DTB3",0.37,2026-03-11,2026-03-11
2022-03-01,"DTB3",0.32,2026-03-11,2026-03-11
2022-03-02,"DTB3",0.33,2026-03-11,2026-03-11
2022-03-03,"DTB3",0.37,2026-03-11,2026-03-11
2022-03-04,"DTB3",0.33,2026-03-11,2026-03-11
2022-03-07,"DTB3",0.38,2026-03-11,2026-03-11
2022-03-08,"DTB3",0.36,2026-03-11,2026-03-11
2022-03-09,"DTB3",0.38,2026-03-11,2026-03-11
2022-03-10,"DTB3",0.38,2026-03-11,2026-03-11
2022-03-11,"DTB3",0.39,2026-03-11,2026-03-11
2022-03-14,"DTB3",0.45,2026-03-11,2026-03-11
2022-03-15,"DTB3",0.46,2026-03-11,2026-03-11
2022-03-16,"DTB3",0.43,2026-03-11,2026-03-11
2022-03-17,"DTB3",0.4,2026-03-11,2026-03-11
2022-03-18,"DTB3",0.41,2026-03-11,2026-03-11
2022-03-21,"DTB3",0.55,2026-03-11,2026-03-11
2022-03-22,"DTB3",0.51,2026-03-11,2026-03-11
2022-03-23,"DTB3",0.5,2026-03-11,2026-03-11
2022-03-24,"DTB3",0.5,2026-03-11,2026-03-11
2022-03-25,"DTB3",0.53,2026-03-11,2026-03-11
2022-03-28,"DTB3",0.6,2026-03-11,2026-03-11
2022-03-29,"DTB3",0.56,2026-03-11,2026-03-11
2022-03-30,"DTB3",0.55,2026-03-11,2026-03-11
2022-03-31,"DTB3",0.51,2026-03-11,2026-03-11
2022-04-01,"DTB3",0.52,2026-03-11,2026-03-11
2022-04-04,"DTB3",0.67,2026-03-11,2026-03-11
2022-04-05,"DTB3",0.65,2026-03-11,2026-03-11
2022-04-06,"DTB3",0.67,2026-03-11,2026-03-11
2022-04-07,"DTB3",0.68,2026-03-11,2026-03-11
2022-04-08,"DTB3",0.69,2026-03-11,2026-03-11
2022-04-11,"DTB3",0.78,2026-03-11,2026-03-11
2022-04-12,"DTB3",0.74,2026-03-11,2026-03-11
2022-04-13,"DTB3",0.75,2026-03-11,2026-03-11
2022-04-14,"DTB3",0.78,2026-03-11,2026-03-11
2022-04-15,"DTB3",NA,2026-03-11,2026-03-11
2022-04-18,"DTB3",0.82,2026-03-11,2026-03-11
2022-04-19,"DTB3",0.82,2026-03-11,2026-03-11
2022-04-20,"DTB3",0.82,2026-03-11,2026-03-11
2022-04-21,"DTB3",0.82,2026-03-11,2026-03-11
2022-04-22,"DTB3",0.82,2026-03-11,2026-03-11
2022-04-25,"DTB3",0.93,2026-03-11,2026-03-11
2022-04-26,"DTB3",0.84,2026-03-11,2026-03-11
2022-04-27,"DTB3",0.82,2026-03-11,2026-03-11
2022-04-28,"DTB3",0.81,2026-03-11,2026-03-11
2022-04-29,"DTB3",0.83,2026-03-11,2026-03-11
2022-05-02,"DTB3",0.9,2026-03-11,2026-03-11
2022-05-03,"DTB3",0.9,2026-03-11,2026-03-11
2022-05-04,"DTB3",0.88,2026-03-11,2026-03-11
2022-05-05,"DTB3",0.84,2026-03-11,2026-03-11
2022-05-06,"DTB3",0.84,2026-03-11,2026-03-11
2022-05-09,"DTB3",0.92,2026-03-11,2026-03-11
2022-05-10,"DTB3",0.89,2026-03-11,2026-03-11
2022-05-11,"DTB3",0.9,2026-03-11,2026-03-11
2022-05-12,"DTB3",0.95,2026-03-11,2026-03-11
2022-05-13,"DTB3",1.01,2026-03-11,2026-03-11
2022-05-16,"DTB3",1.07,2026-03-11,2026-03-11
2022-05-17,"DTB3",1.06,2026-03-11,2026-03-11
2022-05-18,"DTB3",1.02,2026-03-11,2026-03-11
2022-05-19,"DTB3",1.04,2026-03-11,2026-03-11
2022-05-20,"DTB3",1.01,2026-03-11,2026-03-11
2022-05-23,"DTB3",1.07,2026-03-11,2026-03-11
2022-05-24,"DTB3",1.05,2026-03-11,2026-03-11
2022-05-25,"DTB3",1.05,2026-03-11,2026-03-11
2022-05-26,"DTB3",1.06,2026-03-11,2026-03-11
2022-05-27,"DTB3",1.06,2026-03-11,2026-03-11
2022-05-30,"DTB3",NA,2026-03-11,2026-03-11
2022-05-31,"DTB3",1.13,2026-03-11,2026-03-11
2022-06-01,"DTB3",1.12,2026-03-11,2026-03-11
2022-06-02,"DTB3",1.13,2026-03-11,2026-03-11
2022-06-03,"DTB3",1.17,2026-03-11,2026-03-11
2022-06-06,"DTB3",1.23,2026-03-11,2026-03-11
2022-06-07,"DTB3",1.24,2026-03-11,2026-03-11
2022-06-08,"DTB3",1.25,2026-03-11,2026-03-11
2022-06-09,"DTB3",1.26,2026-03-11,2026-03-11
2022-06-10,"DTB3",1.34,2026-03-11,2026-03-11
2022-06-13,"DTB3",1.69,2026-03-11,2026-03-11
2022-06-14,"DTB3",1.78,2026-03-11,2026-03-11
2022-06-15,"DTB3",1.69,2026-03-11,2026-03-11
2022-06-16,"DTB3",1.54,2026-03-11,2026-03-11
2022-06-17,"DTB3",1.58,2026-03-11,2026-03-11
2022-06-20,"DTB3",NA,2026-03-11,2026-03-11
2022-06-21,"DTB3",1.66,2026-03-11,2026-03-11
2022-06-22,"DTB3",1.57,2026-03-11,2026-03-11
2022-06-23,"DTB3",1.59,2026-03-11,2026-03-11
2022-06-24,"DTB3",1.66,2026-03-11,2026-03-11
2022-06-27,"DTB3",1.75,2026-03-11,2026-03-11
2022-06-28,"DTB3",1.75,2026-03-11,2026-03-11
2022-06-29,"DTB3",1.73,2026-03-11,2026-03-11
2022-06-30,"DTB3",1.66,2026-03-11,2026-03-11
2022-07-01,"DTB3",1.66,2026-03-11,2026-03-11
2022-07-04,"DTB3",NA,2026-03-11,2026-03-11
2022-07-05,"DTB3",1.86,2026-03-11,2026-03-11
2022-07-06,"DTB3",1.85,2026-03-11,2026-03-11
2022-07-07,"DTB3",1.89,2026-03-11,2026-03-11
2022-07-08,"DTB3",1.91,2026-03-11,2026-03-11
2022-07-11,"DTB3",2.13,2026-03-11,2026-03-11
2022-07-12,"DTB3",2.16,2026-03-11,2026-03-11
2022-07-13,"DTB3",2.33,2026-03-11,2026-03-11
2022-07-14,"DTB3",2.33,2026-03-11,2026-03-11
2022-07-15,"DTB3",2.29,2026-03-11,2026-03-11
2022-07-18,"DTB3",2.44,2026-03-11,2026-03-11
2022-07-19,"DTB3",2.46,2026-03-11,2026-03-11
2022-07-20,"DTB3",2.44,2026-03-11,2026-03-11
2022-07-21,"DTB3",2.4,2026-03-11,2026-03-11
2022-07-22,"DTB3",2.41,2026-03-11,2026-03-11
2022-07-25,"DTB3",2.55,2026-03-11,2026-03-11
2022-07-26,"DTB3",2.48,2026-03-11,2026-03-11
2022-07-27,"DTB3",2.37,2026-03-11,2026-03-11
2022-07-28,"DTB3",2.35,2026-03-11,2026-03-11
2022-07-29,"DTB3",2.34,2026-03-11,2026-03-11
2022-08-01,"DTB3",2.48,2026-03-11,2026-03-11
2022-08-02,"DTB3",2.48,2026-03-11,2026-03-11
2022-08-03,"DTB3",2.44,2026-03-11,2026-03-11
2022-08-04,"DTB3",2.41,2026-03-11,2026-03-11
2022-08-05,"DTB3",2.48,2026-03-11,2026-03-11
2022-08-08,"DTB3",2.57,2026-03-11,2026-03-11
2022-08-09,"DTB3",2.58,2026-03-11,2026-03-11
2022-08-10,"DTB3",2.56,2026-03-11,2026-03-11
2022-08-11,"DTB3",2.52,2026-03-11,2026-03-11
2022-08-12,"DTB3",2.53,2026-03-11,2026-03-11
2022-08-15,"DTB3",2.63,2026-03-11,2026-03-11
2022-08-16,"DTB3",2.61,2026-03-11,2026-03-11
2022-08-17,"DTB3",2.59,2026-03-11,2026-03-11
2022-08-18,"DTB3",2.61,2026-03-11,2026-03-11
2022-08-19,"DTB3",2.64,2026-03-11,2026-03-11
2022-08-22,"DTB3",2.74,2026-03-11,2026-03-11
2022-08-23,"DTB3",2.71,2026-03-11,2026-03-11
2022-08-24,"DTB3",2.73,2026-03-11,2026-03-11
2022-08-25,"DTB3",2.78,2026-03-11,2026-03-11
2022-08-26,"DTB3",2.78,2026-03-11,2026-03-11
2022-08-29,"DTB3",2.89,2026-03-11,2026-03-11
2022-08-30,"DTB3",2.88,2026-03-11,2026-03-11
2022-08-31,"DTB3",2.87,2026-03-11,2026-03-11
2022-09-01,"DTB3",2.88,2026-03-11,2026-03-11
2022-09-02,"DTB3",2.85,2026-03-11,2026-03-11
2022-09-05,"DTB3",NA,2026-03-11,2026-03-11
2022-09-06,"DTB3",2.96,2026-03-11,2026-03-11
2022-09-07,"DTB3",2.98,2026-03-11,2026-03-11
2022-09-08,"DTB3",2.97,2026-03-11,2026-03-11
2022-09-09,"DTB3",2.98,2026-03-11,2026-03-11
2022-09-12,"DTB3",3.09,2026-03-11,2026-03-11
2022-09-13,"DTB3",3.19,2026-03-11,2026-03-11
2022-09-14,"DTB3",3.14,2026-03-11,2026-03-11
2022-09-15,"DTB3",3.12,2026-03-11,2026-03-11
2022-09-16,"DTB3",3.1,2026-03-11,2026-03-11
2022-09-19,"DTB3",3.29,2026-03-11,2026-03-11
2022-09-20,"DTB3",3.26,2026-03-11,2026-03-11
2022-09-21,"DTB3",3.21,2026-03-11,2026-03-11
2022-09-22,"DTB3",3.19,2026-03-11,2026-03-11
2022-09-23,"DTB3",3.12,2026-03-11,2026-03-11
2022-09-26,"DTB3",3.3,2026-03-11,2026-03-11
2022-09-27,"DTB3",3.26,2026-03-11,2026-03-11
2022-09-28,"DTB3",3.29,2026-03-11,2026-03-11
2022-09-29,"DTB3",3.26,2026-03-11,2026-03-11
2022-09-30,"DTB3",3.22,2026-03-11,2026-03-11
2022-10-03,"DTB3",3.34,2026-03-11,2026-03-11
2022-10-04,"DTB3",3.32,2026-03-11,2026-03-11
2022-10-05,"DTB3",3.33,2026-03-11,2026-03-11
2022-10-06,"DTB3",3.32,2026-03-11,2026-03-11
2022-10-07,"DTB3",3.31,2026-03-11,2026-03-11
2022-10-10,"DTB3",NA,2026-03-11,2026-03-11
2022-10-11,"DTB3",3.53,2026-03-11,2026-03-11
2022-10-12,"DTB3",3.56,2026-03-11,2026-03-11
2022-10-13,"DTB3",3.64,2026-03-11,2026-03-11
2022-10-14,"DTB3",3.65,2026-03-11,2026-03-11
2022-10-17,"DTB3",3.82,2026-03-11,2026-03-11
2022-10-18,"DTB3",3.89,2026-03-11,2026-03-11
2022-10-19,"DTB3",3.91,2026-03-11,2026-03-11
2022-10-20,"DTB3",3.91,2026-03-11,2026-03-11
2022-10-21,"DTB3",3.9,2026-03-11,2026-03-11
2022-10-24,"DTB3",4,2026-03-11,2026-03-11
2022-10-25,"DTB3",3.97,2026-03-11,2026-03-11
2022-10-26,"DTB3",3.94,2026-03-11,2026-03-11
2022-10-27,"DTB3",3.95,2026-03-11,2026-03-11
2022-10-28,"DTB3",3.99,2026-03-11,2026-03-11
2022-10-31,"DTB3",4.06,2026-03-11,2026-03-11
2022-11-01,"DTB3",4.06,2026-03-11,2026-03-11
2022-11-02,"DTB3",4.04,2026-03-11,2026-03-11
2022-11-03,"DTB3",4.06,2026-03-11,2026-03-11
2022-11-04,"DTB3",4.02,2026-03-11,2026-03-11
2022-11-07,"DTB3",4.12,2026-03-11,2026-03-11
2022-11-08,"DTB3",4.1,2026-03-11,2026-03-11
2022-11-09,"DTB3",4.11,2026-03-11,2026-03-11
2022-11-10,"DTB3",4.09,2026-03-11,2026-03-11
2022-11-11,"DTB3",NA,2026-03-11,2026-03-11
2022-11-14,"DTB3",4.16,2026-03-11,2026-03-11
2022-11-15,"DTB3",4.14,2026-03-11,2026-03-11
2022-11-16,"DTB3",4.14,2026-03-11,2026-03-11
2022-11-17,"DTB3",4.13,2026-03-11,2026-03-11
2022-11-18,"DTB3",4.15,2026-03-11,2026-03-11
2022-11-21,"DTB3",4.23,2026-03-11,2026-03-11
2022-11-22,"DTB3",4.21,2026-03-11,2026-03-11
2022-11-23,"DTB3",4.21,2026-03-11,2026-03-11
2022-11-24,"DTB3",NA,2026-03-11,2026-03-11
2022-11-25,"DTB3",4.22,2026-03-11,2026-03-11
2022-11-28,"DTB3",4.3,2026-03-11,2026-03-11
2022-11-29,"DTB3",4.27,2026-03-11,2026-03-11
2022-11-30,"DTB3",4.27,2026-03-11,2026-03-11
2022-12-01,"DTB3",4.22,2026-03-11,2026-03-11
2022-12-02,"DTB3",4.22,2026-03-11,2026-03-11
2022-12-05,"DTB3",4.27,2026-03-11,2026-03-11
2022-12-06,"DTB3",4.27,2026-03-11,2026-03-11
2022-12-07,"DTB3",4.2,2026-03-11,2026-03-11
2022-12-08,"DTB3",4.17,2026-03-11,2026-03-11
2022-12-09,"DTB3",4.19,2026-03-11,2026-03-11
2022-12-12,"DTB3",4.29,2026-03-11,2026-03-11
2022-12-13,"DTB3",4.26,2026-03-11,2026-03-11
2022-12-14,"DTB3",4.23,2026-03-11,2026-03-11
2022-12-15,"DTB3",4.22,2026-03-11,2026-03-11
2022-12-16,"DTB3",4.2,2026-03-11,2026-03-11
2022-12-19,"DTB3",4.28,2026-03-11,2026-03-11
2022-12-20,"DTB3",4.25,2026-03-11,2026-03-11
2022-12-21,"DTB3",4.22,2026-03-11,2026-03-11
2022-12-22,"DTB3",4.24,2026-03-11,2026-03-11
2022-12-23,"DTB3",4.23,2026-03-11,2026-03-11
2022-12-26,"DTB3",NA,2026-03-11,2026-03-11
2022-12-27,"DTB3",4.35,2026-03-11,2026-03-11
2022-12-28,"DTB3",4.35,2026-03-11,2026-03-11
2022-12-29,"DTB3",4.34,2026-03-11,2026-03-11
2022-12-30,"DTB3",4.3,2026-03-11,2026-03-11
2023-01-02,"DTB3",NA,2026-03-11,2026-03-11
2023-01-03,"DTB3",4.4,2026-03-11,2026-03-11
2023-01-04,"DTB3",4.41,2026-03-11,2026-03-11
2023-01-05,"DTB3",4.51,2026-03-11,2026-03-11
2023-01-06,"DTB3",4.51,2026-03-11,2026-03-11
2023-01-09,"DTB3",4.55,2026-03-11,2026-03-11
2023-01-10,"DTB3",4.57,2026-03-11,2026-03-11
2023-01-11,"DTB3",4.57,2026-03-11,2026-03-11
2023-01-12,"DTB3",4.5,2026-03-11,2026-03-11
2023-01-13,"DTB3",4.51,2026-03-11,2026-03-11
2023-01-16,"DTB3",NA,2026-03-11,2026-03-11
2023-01-17,"DTB3",4.56,2026-03-11,2026-03-11
2023-01-18,"DTB3",4.54,2026-03-11,2026-03-11
2023-01-19,"DTB3",4.55,2026-03-11,2026-03-11
2023-01-20,"DTB3",4.57,2026-03-11,2026-03-11
2023-01-23,"DTB3",4.58,2026-03-11,2026-03-11
2023-01-24,"DTB3",4.57,2026-03-11,2026-03-11
2023-01-25,"DTB3",4.56,2026-03-11,2026-03-11
2023-01-26,"DTB3",4.55,2026-03-11,2026-03-11
2023-01-27,"DTB3",4.57,2026-03-11,2026-03-11
2023-01-30,"DTB3",4.59,2026-03-11,2026-03-11
2023-01-31,"DTB3",4.58,2026-03-11,2026-03-11
2023-02-01,"DTB3",4.54,2026-03-11,2026-03-11
2023-02-02,"DTB3",4.53,2026-03-11,2026-03-11
2023-02-03,"DTB3",4.57,2026-03-11,2026-03-11
2023-02-06,"DTB3",4.59,2026-03-11,2026-03-11
2023-02-07,"DTB3",4.59,2026-03-11,2026-03-11
2023-02-08,"DTB3",4.59,2026-03-11,2026-03-11
2023-02-09,"DTB3",4.64,2026-03-11,2026-03-11
2023-02-10,"DTB3",4.66,2026-03-11,2026-03-11
2023-02-13,"DTB3",4.68,2026-03-11,2026-03-11
2023-02-14,"DTB3",4.67,2026-03-11,2026-03-11
2023-02-15,"DTB3",4.66,2026-03-11,2026-03-11
2023-02-16,"DTB3",4.7,2026-03-11,2026-03-11
2023-02-17,"DTB3",4.7,2026-03-11,2026-03-11
2023-02-20,"DTB3",NA,2026-03-11,2026-03-11
2023-02-21,"DTB3",4.72,2026-03-11,2026-03-11
2023-02-22,"DTB3",4.71,2026-03-11,2026-03-11
2023-02-23,"DTB3",4.71,2026-03-11,2026-03-11
2023-02-24,"DTB3",4.72,2026-03-11,2026-03-11
2023-02-27,"DTB3",4.74,2026-03-11,2026-03-11
2023-02-28,"DTB3",4.72,2026-03-11,2026-03-11
2023-03-01,"DTB3",4.73,2026-03-11,2026-03-11
2023-03-02,"DTB3",4.74,2026-03-11,2026-03-11
2023-03-03,"DTB3",4.74,2026-03-11,2026-03-11
2023-03-06,"DTB3",4.76,2026-03-11,2026-03-11
2023-03-07,"DTB3",4.87,2026-03-11,2026-03-11
2023-03-08,"DTB3",4.89,2026-03-11,2026-03-11
2023-03-09,"DTB3",4.87,2026-03-11,2026-03-11
2023-03-10,"DTB3",4.83,2026-03-11,2026-03-11
2023-03-13,"DTB3",4.7,2026-03-11,2026-03-11
2023-03-14,"DTB3",4.71,2026-03-11,2026-03-11
2023-03-15,"DTB3",4.59,2026-03-11,2026-03-11
2023-03-16,"DTB3",4.57,2026-03-11,2026-03-11
2023-03-17,"DTB3",4.36,2026-03-11,2026-03-11
2023-03-20,"DTB3",4.65,2026-03-11,2026-03-11
2023-03-21,"DTB3",4.62,2026-03-11,2026-03-11
2023-03-22,"DTB3",4.63,2026-03-11,2026-03-11
2023-03-23,"DTB3",4.57,2026-03-11,2026-03-11
2023-03-24,"DTB3",4.57,2026-03-11,2026-03-11
2023-03-27,"DTB3",4.75,2026-03-11,2026-03-11
2023-03-28,"DTB3",4.64,2026-03-11,2026-03-11
2023-03-29,"DTB3",4.64,2026-03-11,2026-03-11
2023-03-30,"DTB3",4.8,2026-03-11,2026-03-11
2023-03-31,"DTB3",4.68,2026-03-11,2026-03-11
2023-04-03,"DTB3",4.77,2026-03-11,2026-03-11
2023-04-04,"DTB3",4.74,2026-03-11,2026-03-11
2023-04-05,"DTB3",4.72,2026-03-11,2026-03-11
2023-04-06,"DTB3",4.77,2026-03-11,2026-03-11
2023-04-07,"DTB3",4.81,2026-03-11,2026-03-11
2023-04-10,"DTB3",4.94,2026-03-11,2026-03-11
2023-04-11,"DTB3",4.89,2026-03-11,2026-03-11
2023-04-12,"DTB3",4.87,2026-03-11,2026-03-11
2023-04-13,"DTB3",4.95,2026-03-11,2026-03-11
2023-04-14,"DTB3",4.98,2026-03-11,2026-03-11
2023-04-17,"DTB3",5.06,2026-03-11,2026-03-11
2023-04-18,"DTB3",5.04,2026-03-11,2026-03-11
2023-04-19,"DTB3",5.01,2026-03-11,2026-03-11
2023-04-20,"DTB3",4.97,2026-03-11,2026-03-11
2023-04-21,"DTB3",4.98,2026-03-11,2026-03-11
2023-04-24,"DTB3",5.04,2026-03-11,2026-03-11
2023-04-25,"DTB3",4.97,2026-03-11,2026-03-11
2023-04-26,"DTB3",5,2026-03-11,2026-03-11
2023-04-27,"DTB3",5.03,2026-03-11,2026-03-11
2023-04-28,"DTB3",4.95,2026-03-11,2026-03-11
2023-05-01,"DTB3",5.1,2026-03-11,2026-03-11
2023-05-02,"DTB3",5.08,2026-03-11,2026-03-11
2023-05-03,"DTB3",5.09,2026-03-11,2026-03-11
2023-05-04,"DTB3",5.1,2026-03-11,2026-03-11
2023-05-05,"DTB3",5.1,2026-03-11,2026-03-11
2023-05-08,"DTB3",5.15,2026-03-11,2026-03-11
2023-05-09,"DTB3",5.13,2026-03-11,2026-03-11
2023-05-10,"DTB3",5.08,2026-03-11,2026-03-11
2023-05-11,"DTB3",5.04,2026-03-11,2026-03-11
2023-05-12,"DTB3",5.08,2026-03-11,2026-03-11
2023-05-15,"DTB3",5.06,2026-03-11,2026-03-11
2023-05-16,"DTB3",5.07,2026-03-11,2026-03-11
2023-05-17,"DTB3",5.1,2026-03-11,2026-03-11
2023-05-18,"DTB3",5.14,2026-03-11,2026-03-11
2023-05-19,"DTB3",5.12,2026-03-11,2026-03-11
2023-05-22,"DTB3",5.24,2026-03-11,2026-03-11
2023-05-23,"DTB3",5.18,2026-03-11,2026-03-11
2023-05-24,"DTB3",5.21,2026-03-11,2026-03-11
2023-05-25,"DTB3",5.21,2026-03-11,2026-03-11
2023-05-26,"DTB3",5.16,2026-03-11,2026-03-11
2023-05-29,"DTB3",NA,2026-03-11,2026-03-11
2023-05-30,"DTB3",5.28,2026-03-11,2026-03-11
2023-05-31,"DTB3",5.26,2026-03-11,2026-03-11
2023-06-01,"DTB3",5.24,2026-03-11,2026-03-11
2023-06-02,"DTB3",5.23,2026-03-11,2026-03-11
2023-06-05,"DTB3",5.2,2026-03-11,2026-03-11
2023-06-06,"DTB3",5.18,2026-03-11,2026-03-11
2023-06-07,"DTB3",5.16,2026-03-11,2026-03-11
2023-06-08,"DTB3",5.12,2026-03-11,2026-03-11
2023-06-09,"DTB3",5.11,2026-03-11,2026-03-11
2023-06-12,"DTB3",5.14,2026-03-11,2026-03-11
2023-06-13,"DTB3",5.11,2026-03-11,2026-03-11
2023-06-14,"DTB3",5.1,2026-03-11,2026-03-11
2023-06-15,"DTB3",5.07,2026-03-11,2026-03-11
2023-06-16,"DTB3",5.09,2026-03-11,2026-03-11
2023-06-19,"DTB3",NA,2026-03-11,2026-03-11
2023-06-20,"DTB3",5.14,2026-03-11,2026-03-11
2023-06-21,"DTB3",5.15,2026-03-11,2026-03-11
2023-06-22,"DTB3",5.15,2026-03-11,2026-03-11
2023-06-23,"DTB3",5.15,2026-03-11,2026-03-11
2023-06-26,"DTB3",5.24,2026-03-11,2026-03-11
2023-06-27,"DTB3",5.19,2026-03-11,2026-03-11
2023-06-28,"DTB3",5.18,2026-03-11,2026-03-11
2023-06-29,"DTB3",5.2,2026-03-11,2026-03-11
2023-06-30,"DTB3",5.17,2026-03-11,2026-03-11
2023-07-03,"DTB3",5.21,2026-03-11,2026-03-11
2023-07-04,"DTB3",NA,2026-03-11,2026-03-11
2023-07-05,"DTB3",5.21,2026-03-11,2026-03-11
2023-07-06,"DTB3",5.23,2026-03-11,2026-03-11
2023-07-07,"DTB3",5.22,2026-03-11,2026-03-11
2023-07-10,"DTB3",5.25,2026-03-11,2026-03-11
2023-07-11,"DTB3",5.25,2026-03-11,2026-03-11
2023-07-12,"DTB3",5.24,2026-03-11,2026-03-11
2023-07-13,"DTB3",5.24,2026-03-11,2026-03-11
2023-07-14,"DTB3",5.25,2026-03-11,2026-03-11
2023-07-17,"DTB3",5.26,2026-03-11,2026-03-11
2023-07-18,"DTB3",5.25,2026-03-11,2026-03-11
2023-07-19,"DTB3",5.26,2026-03-11,2026-03-11
2023-07-20,"DTB3",5.26,2026-03-11,2026-03-11
2023-07-21,"DTB3",5.27,2026-03-11,2026-03-11
2023-07-24,"DTB3",5.28,2026-03-11,2026-03-11
2023-07-25,"DTB3",5.28,2026-03-11,2026-03-11
2023-07-26,"DTB3",5.28,2026-03-11,2026-03-11
2023-07-27,"DTB3",5.28,2026-03-11,2026-03-11
2023-07-28,"DTB3",5.28,2026-03-11,2026-03-11
2023-07-31,"DTB3",5.28,2026-03-11,2026-03-11
2023-08-01,"DTB3",5.27,2026-03-11,2026-03-11
2023-08-02,"DTB3",5.27,2026-03-11,2026-03-11
2023-08-03,"DTB3",5.27,2026-03-11,2026-03-11
2023-08-04,"DTB3",5.28,2026-03-11,2026-03-11
2023-08-07,"DTB3",5.29,2026-03-11,2026-03-11
2023-08-08,"DTB3",5.3,2026-03-11,2026-03-11
2023-08-09,"DTB3",5.28,2026-03-11,2026-03-11
2023-08-10,"DTB3",5.28,2026-03-11,2026-03-11
2023-08-11,"DTB3",5.28,2026-03-11,2026-03-11
2023-08-14,"DTB3",5.29,2026-03-11,2026-03-11
2023-08-15,"DTB3",5.29,2026-03-11,2026-03-11
2023-08-16,"DTB3",5.29,2026-03-11,2026-03-11
2023-08-17,"DTB3",5.29,2026-03-11,2026-03-11
2023-08-18,"DTB3",5.28,2026-03-11,2026-03-11
2023-08-21,"DTB3",5.3,2026-03-11,2026-03-11
2023-08-22,"DTB3",5.3,2026-03-11,2026-03-11
2023-08-23,"DTB3",5.3,2026-03-11,2026-03-11
2023-08-24,"DTB3",5.31,2026-03-11,2026-03-11
2023-08-25,"DTB3",5.34,2026-03-11,2026-03-11
2023-08-28,"DTB3",5.34,2026-03-11,2026-03-11
2023-08-29,"DTB3",5.33,2026-03-11,2026-03-11
2023-08-30,"DTB3",5.32,2026-03-11,2026-03-11
2023-08-31,"DTB3",5.32,2026-03-11,2026-03-11
2023-09-01,"DTB3",5.3,2026-03-11,2026-03-11
2023-09-04,"DTB3",NA,2026-03-11,2026-03-11
2023-09-05,"DTB3",5.32,2026-03-11,2026-03-11
2023-09-06,"DTB3",5.31,2026-03-11,2026-03-11
2023-09-07,"DTB3",5.3,2026-03-11,2026-03-11
2023-09-08,"DTB3",5.31,2026-03-11,2026-03-11
2023-09-11,"DTB3",5.32,2026-03-11,2026-03-11
2023-09-12,"DTB3",5.32,2026-03-11,2026-03-11
2023-09-13,"DTB3",5.31,2026-03-11,2026-03-11
2023-09-14,"DTB3",5.31,2026-03-11,2026-03-11
2023-09-15,"DTB3",5.32,2026-03-11,2026-03-11
2023-09-18,"DTB3",5.31,2026-03-11,2026-03-11
2023-09-19,"DTB3",5.31,2026-03-11,2026-03-11
2023-09-20,"DTB3",5.33,2026-03-11,2026-03-11
2023-09-21,"DTB3",5.33,2026-03-11,2026-03-11
2023-09-22,"DTB3",5.32,2026-03-11,2026-03-11
2023-09-25,"DTB3",5.35,2026-03-11,2026-03-11
2023-09-26,"DTB3",5.34,2026-03-11,2026-03-11
2023-09-27,"DTB3",5.34,2026-03-11,2026-03-11
2023-09-28,"DTB3",5.32,2026-03-11,2026-03-11
2023-09-29,"DTB3",5.32,2026-03-11,2026-03-11
2023-10-02,"DTB3",5.35,2026-03-11,2026-03-11
2023-10-03,"DTB3",5.35,2026-03-11,2026-03-11
2023-10-04,"DTB3",5.34,2026-03-11,2026-03-11
2023-10-05,"DTB3",5.34,2026-03-11,2026-03-11
2023-10-06,"DTB3",5.36,2026-03-11,2026-03-11
2023-10-09,"DTB3",NA,2026-03-11,2026-03-11
2023-10-10,"DTB3",5.34,2026-03-11,2026-03-11
2023-10-11,"DTB3",5.34,2026-03-11,2026-03-11
2023-10-12,"DTB3",5.35,2026-03-11,2026-03-11
2023-10-13,"DTB3",5.35,2026-03-11,2026-03-11
2023-10-16,"DTB3",5.34,2026-03-11,2026-03-11
2023-10-17,"DTB3",5.35,2026-03-11,2026-03-11
2023-10-18,"DTB3",5.34,2026-03-11,2026-03-11
2023-10-19,"DTB3",5.33,2026-03-11,2026-03-11
2023-10-20,"DTB3",5.31,2026-03-11,2026-03-11
2023-10-23,"DTB3",5.32,2026-03-11,2026-03-11
2023-10-24,"DTB3",5.31,2026-03-11,2026-03-11
2023-10-25,"DTB3",5.32,2026-03-11,2026-03-11
2023-10-26,"DTB3",5.32,2026-03-11,2026-03-11
2023-10-27,"DTB3",5.32,2026-03-11,2026-03-11
2023-10-30,"DTB3",5.33,2026-03-11,2026-03-11
2023-10-31,"DTB3",5.33,2026-03-11,2026-03-11
2023-11-01,"DTB3",5.31,2026-03-11,2026-03-11
2023-11-02,"DTB3",5.28,2026-03-11,2026-03-11
2023-11-03,"DTB3",5.27,2026-03-11,2026-03-11
2023-11-06,"DTB3",5.29,2026-03-11,2026-03-11
2023-11-07,"DTB3",5.28,2026-03-11,2026-03-11
2023-11-08,"DTB3",5.28,2026-03-11,2026-03-11
2023-11-09,"DTB3",5.27,2026-03-11,2026-03-11
2023-11-10,"DTB3",5.26,2026-03-11,2026-03-11
2023-11-13,"DTB3",5.28,2026-03-11,2026-03-11
2023-11-14,"DTB3",5.26,2026-03-11,2026-03-11
2023-11-15,"DTB3",5.26,2026-03-11,2026-03-11
2023-11-16,"DTB3",5.25,2026-03-11,2026-03-11
2023-11-17,"DTB3",5.25,2026-03-11,2026-03-11
2023-11-20,"DTB3",5.27,2026-03-11,2026-03-11
2023-11-21,"DTB3",5.26,2026-03-11,2026-03-11
2023-11-22,"DTB3",5.27,2026-03-11,2026-03-11
2023-11-23,"DTB3",NA,2026-03-11,2026-03-11
2023-11-24,"DTB3",5.28,2026-03-11,2026-03-11
2023-11-27,"DTB3",5.28,2026-03-11,2026-03-11
2023-11-28,"DTB3",5.27,2026-03-11,2026-03-11
2023-11-29,"DTB3",5.25,2026-03-11,2026-03-11
2023-11-30,"DTB3",5.25,2026-03-11,2026-03-11
2023-12-01,"DTB3",5.23,2026-03-11,2026-03-11
2023-12-04,"DTB3",5.26,2026-03-11,2026-03-11
2023-12-05,"DTB3",5.25,2026-03-11,2026-03-11
2023-12-06,"DTB3",5.25,2026-03-11,2026-03-11
2023-12-07,"DTB3",5.24,2026-03-11,2026-03-11
2023-12-08,"DTB3",5.24,2026-03-11,2026-03-11
2023-12-11,"DTB3",5.26,2026-03-11,2026-03-11
2023-12-12,"DTB3",5.26,2026-03-11,2026-03-11
2023-12-13,"DTB3",5.24,2026-03-11,2026-03-11
2023-12-14,"DTB3",5.23,2026-03-11,2026-03-11
2023-12-15,"DTB3",5.24,2026-03-11,2026-03-11
2023-12-18,"DTB3",5.26,2026-03-11,2026-03-11
2023-12-19,"DTB3",5.23,2026-03-11,2026-03-11
2023-12-20,"DTB3",5.24,2026-03-11,2026-03-11
2023-12-21,"DTB3",5.22,2026-03-11,2026-03-11
2023-12-22,"DTB3",5.24,2026-03-11,2026-03-11
2023-12-25,"DTB3",NA,2026-03-11,2026-03-11
2023-12-26,"DTB3",5.25,2026-03-11,2026-03-11
2023-12-27,"DTB3",5.24,2026-03-11,2026-03-11
2023-12-28,"DTB3",5.25,2026-03-11,2026-03-11
2023-12-29,"DTB3",5.2,2026-03-11,2026-03-11
2024-01-01,"DTB3",NA,2026-03-11,2026-03-11
2024-01-02,"DTB3",5.22,2026-03-11,2026-03-11
2024-01-03,"DTB3",5.24,2026-03-11,2026-03-11
2024-01-04,"DTB3",5.24,2026-03-11,2026-03-11
2024-01-05,"DTB3",5.24,2026-03-11,2026-03-11
2024-01-08,"DTB3",5.25,2026-03-11,2026-03-11
2024-01-09,"DTB3",5.24,2026-03-11,2026-03-11
2024-01-10,"DTB3",5.23,2026-03-11,2026-03-11
2024-01-11,"DTB3",5.23,2026-03-11,2026-03-11
2024-01-12,"DTB3",5.22,2026-03-11,2026-03-11
2024-01-15,"DTB3",NA,2026-03-11,2026-03-11
2024-01-16,"DTB3",5.22,2026-03-11,2026-03-11
2024-01-17,"DTB3",5.24,2026-03-11,2026-03-11
2024-01-18,"DTB3",5.22,2026-03-11,2026-03-11
2024-01-19,"DTB3",5.22,2026-03-11,2026-03-11
2024-01-22,"DTB3",5.22,2026-03-11,2026-03-11
2024-01-23,"DTB3",5.21,2026-03-11,2026-03-11
2024-01-24,"DTB3",5.21,2026-03-11,2026-03-11
2024-01-25,"DTB3",5.21,2026-03-11,2026-03-11
2024-01-26,"DTB3",5.21,2026-03-11,2026-03-11
2024-01-29,"DTB3",5.22,2026-03-11,2026-03-11
2024-01-30,"DTB3",5.21,2026-03-11,2026-03-11
2024-01-31,"DTB3",5.22,2026-03-11,2026-03-11
2024-02-01,"DTB3",5.22,2026-03-11,2026-03-11
2024-02-02,"DTB3",5.23,2026-03-11,2026-03-11
2024-02-05,"DTB3",5.22,2026-03-11,2026-03-11
2024-02-06,"DTB3",5.23,2026-03-11,2026-03-11
2024-02-07,"DTB3",5.23,2026-03-11,2026-03-11
2024-02-08,"DTB3",5.23,2026-03-11,2026-03-11
2024-02-09,"DTB3",5.24,2026-03-11,2026-03-11
2024-02-12,"DTB3",5.23,2026-03-11,2026-03-11
2024-02-13,"DTB3",5.25,2026-03-11,2026-03-11
2024-02-14,"DTB3",5.23,2026-03-11,2026-03-11
2024-02-15,"DTB3",5.23,2026-03-11,2026-03-11
2024-02-16,"DTB3",5.24,2026-03-11,2026-03-11
2024-02-19,"DTB3",NA,2026-03-11,2026-03-11
2024-02-20,"DTB3",5.24,2026-03-11,2026-03-11
2024-02-21,"DTB3",5.24,2026-03-11,2026-03-11
2024-02-22,"DTB3",5.25,2026-03-11,2026-03-11
2024-02-23,"DTB3",5.26,2026-03-11,2026-03-11
2024-02-26,"DTB3",5.26,2026-03-11,2026-03-11
2024-02-27,"DTB3",5.25,2026-03-11,2026-03-11
2024-02-28,"DTB3",5.24,2026-03-11,2026-03-11
2024-02-29,"DTB3",5.25,2026-03-11,2026-03-11
2024-03-01,"DTB3",5.23,2026-03-11,2026-03-11
2024-03-04,"DTB3",5.24,2026-03-11,2026-03-11
2024-03-05,"DTB3",5.23,2026-03-11,2026-03-11
2024-03-06,"DTB3",5.24,2026-03-11,2026-03-11
2024-03-07,"DTB3",5.24,2026-03-11,2026-03-11
2024-03-08,"DTB3",5.24,2026-03-11,2026-03-11
2024-03-11,"DTB3",5.24,2026-03-11,2026-03-11
2024-03-12,"DTB3",5.25,2026-03-11,2026-03-11
2024-03-13,"DTB3",5.25,2026-03-11,2026-03-11
2024-03-14,"DTB3",5.25,2026-03-11,2026-03-11
2024-03-15,"DTB3",5.25,2026-03-11,2026-03-11
2024-03-18,"DTB3",5.25,2026-03-11,2026-03-11
2024-03-19,"DTB3",5.24,2026-03-11,2026-03-11
2024-03-20,"DTB3",5.24,2026-03-11,2026-03-11
2024-03-21,"DTB3",5.25,2026-03-11,2026-03-11
2024-03-22,"DTB3",5.24,2026-03-11,2026-03-11
2024-03-25,"DTB3",5.23,2026-03-11,2026-03-11
2024-03-26,"DTB3",5.22,2026-03-11,2026-03-11
2024-03-27,"DTB3",5.22,2026-03-11,2026-03-11
2024-03-28,"DTB3",5.23,2026-03-11,2026-03-11
2024-03-29,"DTB3",NA,2026-03-11,2026-03-11
2024-04-01,"DTB3",5.23,2026-03-11,2026-03-11
2024-04-02,"DTB3",5.22,2026-03-11,2026-03-11
2024-04-03,"DTB3",5.22,2026-03-11,2026-03-11
2024-04-04,"DTB3",5.21,2026-03-11,2026-03-11
2024-04-05,"DTB3",5.23,2026-03-11,2026-03-11
2024-04-08,"DTB3",5.23,2026-03-11,2026-03-11
2024-04-09,"DTB3",5.23,2026-03-11,2026-03-11
2024-04-10,"DTB3",5.25,2026-03-11,2026-03-11
2024-04-11,"DTB3",5.25,2026-03-11,2026-03-11
2024-04-12,"DTB3",5.25,2026-03-11,2026-03-11
2024-04-15,"DTB3",5.25,2026-03-11,2026-03-11
2024-04-16,"DTB3",5.25,2026-03-11,2026-03-11
2024-04-17,"DTB3",5.25,2026-03-11,2026-03-11
2024-04-18,"DTB3",5.25,2026-03-11,2026-03-11
2024-04-19,"DTB3",5.25,2026-03-11,2026-03-11
2024-04-22,"DTB3",5.22,2026-03-11,2026-03-11
2024-04-23,"DTB3",5.25,2026-03-11,2026-03-11
2024-04-24,"DTB3",5.26,2026-03-11,2026-03-11
2024-04-25,"DTB3",5.26,2026-03-11,2026-03-11
2024-04-26,"DTB3",5.25,2026-03-11,2026-03-11
2024-04-29,"DTB3",5.25,2026-03-11,2026-03-11
2024-04-30,"DTB3",5.25,2026-03-11,2026-03-11
2024-05-01,"DTB3",5.26,2026-03-11,2026-03-11
2024-05-02,"DTB3",5.25,2026-03-11,2026-03-11
2024-05-03,"DTB3",5.25,2026-03-11,2026-03-11
2024-05-06,"DTB3",5.25,2026-03-11,2026-03-11
2024-05-07,"DTB3",5.25,2026-03-11,2026-03-11
2024-05-08,"DTB3",5.25,2026-03-11,2026-03-11
2024-05-09,"DTB3",5.25,2026-03-11,2026-03-11
2024-05-10,"DTB3",5.26,2026-03-11,2026-03-11
2024-05-13,"DTB3",5.25,2026-03-11,2026-03-11
2024-05-14,"DTB3",5.24,2026-03-11,2026-03-11
2024-05-15,"DTB3",5.25,2026-03-11,2026-03-11
2024-05-16,"DTB3",5.25,2026-03-11,2026-03-11
2024-05-17,"DTB3",5.25,2026-03-11,2026-03-11
2024-05-20,"DTB3",5.25,2026-03-11,2026-03-11
2024-05-21,"DTB3",5.25,2026-03-11,2026-03-11
2024-05-22,"DTB3",5.25,2026-03-11,2026-03-11
2024-05-23,"DTB3",5.26,2026-03-11,2026-03-11
2024-05-24,"DTB3",5.26,2026-03-11,2026-03-11
2024-05-27,"DTB3",NA,2026-03-11,2026-03-11
2024-05-28,"DTB3",5.26,2026-03-11,2026-03-11
2024-05-29,"DTB3",5.26,2026-03-11,2026-03-11
2024-05-30,"DTB3",5.26,2026-03-11,2026-03-11
2024-05-31,"DTB3",5.25,2026-03-11,2026-03-11
2024-06-03,"DTB3",5.26,2026-03-11,2026-03-11
2024-06-04,"DTB3",5.25,2026-03-11,2026-03-11
2024-06-05,"DTB3",5.25,2026-03-11,2026-03-11
2024-06-06,"DTB3",5.25,2026-03-11,2026-03-11
2024-06-07,"DTB3",5.26,2026-03-11,2026-03-11
2024-06-10,"DTB3",5.25,2026-03-11,2026-03-11
2024-06-11,"DTB3",5.25,2026-03-11,2026-03-11
2024-06-12,"DTB3",5.25,2026-03-11,2026-03-11
2024-06-13,"DTB3",5.25,2026-03-11,2026-03-11
2024-06-14,"DTB3",5.25,2026-03-11,2026-03-11
2024-06-17,"DTB3",5.25,2026-03-11,2026-03-11
2024-06-18,"DTB3",5.24,2026-03-11,2026-03-11
2024-06-19,"DTB3",NA,2026-03-11,2026-03-11
2024-06-20,"DTB3",5.24,2026-03-11,2026-03-11
2024-06-21,"DTB3",5.23,2026-03-11,2026-03-11
2024-06-24,"DTB3",5.24,2026-03-11,2026-03-11
2024-06-25,"DTB3",5.23,2026-03-11,2026-03-11
2024-06-26,"DTB3",5.24,2026-03-11,2026-03-11
2024-06-27,"DTB3",5.23,2026-03-11,2026-03-11
2024-06-28,"DTB3",5.22,2026-03-11,2026-03-11
2024-07-01,"DTB3",5.24,2026-03-11,2026-03-11
2024-07-02,"DTB3",5.24,2026-03-11,2026-03-11
2024-07-03,"DTB3",5.24,2026-03-11,2026-03-11
2024-07-04,"DTB3",NA,2026-03-11,2026-03-11
2024-07-05,"DTB3",5.23,2026-03-11,2026-03-11
2024-07-08,"DTB3",5.23,2026-03-11,2026-03-11
2024-07-09,"DTB3",5.23,2026-03-11,2026-03-11
2024-07-10,"DTB3",5.23,2026-03-11,2026-03-11
2024-07-11,"DTB3",5.21,2026-03-11,2026-03-11
2024-07-12,"DTB3",5.21,2026-03-11,2026-03-11
2024-07-15,"DTB3",5.2,2026-03-11,2026-03-11
2024-07-16,"DTB3",5.2,2026-03-11,2026-03-11
2024-07-17,"DTB3",5.2,2026-03-11,2026-03-11
2024-07-18,"DTB3",5.21,2026-03-11,2026-03-11
2024-07-19,"DTB3",5.2,2026-03-11,2026-03-11
2024-07-22,"DTB3",5.19,2026-03-11,2026-03-11
2024-07-23,"DTB3",5.18,2026-03-11,2026-03-11
2024-07-24,"DTB3",5.18,2026-03-11,2026-03-11
2024-07-25,"DTB3",5.17,2026-03-11,2026-03-11
2024-07-26,"DTB3",5.16,2026-03-11,2026-03-11
2024-07-29,"DTB3",5.15,2026-03-11,2026-03-11
2024-07-30,"DTB3",5.14,2026-03-11,2026-03-11
2024-07-31,"DTB3",5.15,2026-03-11,2026-03-11
2024-08-01,"DTB3",5.12,2026-03-11,2026-03-11
2024-08-02,"DTB3",5.05,2026-03-11,2026-03-11
2024-08-05,"DTB3",5.09,2026-03-11,2026-03-11
2024-08-06,"DTB3",5.09,2026-03-11,2026-03-11
2024-08-07,"DTB3",5.09,2026-03-11,2026-03-11
2024-08-08,"DTB3",5.09,2026-03-11,2026-03-11
2024-08-09,"DTB3",5.09,2026-03-11,2026-03-11
2024-08-12,"DTB3",5.07,2026-03-11,2026-03-11
2024-08-13,"DTB3",5.06,2026-03-11,2026-03-11
2024-08-14,"DTB3",5.07,2026-03-11,2026-03-11
2024-08-15,"DTB3",5.09,2026-03-11,2026-03-11
2024-08-16,"DTB3",5.08,2026-03-11,2026-03-11
2024-08-19,"DTB3",5.06,2026-03-11,2026-03-11
2024-08-20,"DTB3",5.04,2026-03-11,2026-03-11
2024-08-21,"DTB3",5.02,2026-03-11,2026-03-11
2024-08-22,"DTB3",5.04,2026-03-11,2026-03-11
2024-08-23,"DTB3",5.01,2026-03-11,2026-03-11
2024-08-26,"DTB3",4.98,2026-03-11,2026-03-11
2024-08-27,"DTB3",4.98,2026-03-11,2026-03-11
2024-08-28,"DTB3",4.96,2026-03-11,2026-03-11
2024-08-29,"DTB3",4.98,2026-03-11,2026-03-11
2024-08-30,"DTB3",4.98,2026-03-11,2026-03-11
2024-09-02,"DTB3",NA,2026-03-11,2026-03-11
2024-09-03,"DTB3",4.97,2026-03-11,2026-03-11
2024-09-04,"DTB3",4.96,2026-03-11,2026-03-11
2024-09-05,"DTB3",4.94,2026-03-11,2026-03-11
2024-09-06,"DTB3",4.93,2026-03-11,2026-03-11
2024-09-09,"DTB3",4.89,2026-03-11,2026-03-11
2024-09-10,"DTB3",4.85,2026-03-11,2026-03-11
2024-09-11,"DTB3",4.89,2026-03-11,2026-03-11
2024-09-12,"DTB3",4.85,2026-03-11,2026-03-11
2024-09-13,"DTB3",4.78,2026-03-11,2026-03-11
2024-09-16,"DTB3",4.75,2026-03-11,2026-03-11
2024-09-17,"DTB3",4.75,2026-03-11,2026-03-11
2024-09-18,"DTB3",4.65,2026-03-11,2026-03-11
2024-09-19,"DTB3",4.61,2026-03-11,2026-03-11
2024-09-20,"DTB3",4.56,2026-03-11,2026-03-11
2024-09-23,"DTB3",4.53,2026-03-11,2026-03-11
2024-09-24,"DTB3",4.5,2026-03-11,2026-03-11
2024-09-25,"DTB3",4.51,2026-03-11,2026-03-11
2024-09-26,"DTB3",4.5,2026-03-11,2026-03-11
2024-09-27,"DTB3",4.5,2026-03-11,2026-03-11
2024-09-30,"DTB3",4.52,2026-03-11,2026-03-11
2024-10-01,"DTB3",4.5,2026-03-11,2026-03-11
2024-10-02,"DTB3",4.48,2026-03-11,2026-03-11
2024-10-03,"DTB3",4.48,2026-03-11,2026-03-11
2024-10-04,"DTB3",4.53,2026-03-11,2026-03-11
2024-10-07,"DTB3",4.55,2026-03-11,2026-03-11
2024-10-08,"DTB3",4.53,2026-03-11,2026-03-11
2024-10-09,"DTB3",4.54,2026-03-11,2026-03-11
2024-10-10,"DTB3",4.54,2026-03-11,2026-03-11
2024-10-11,"DTB3",4.53,2026-03-11,2026-03-11
2024-10-14,"DTB3",NA,2026-03-11,2026-03-11
2024-10-15,"DTB3",4.52,2026-03-11,2026-03-11
2024-10-16,"DTB3",4.51,2026-03-11,2026-03-11
2024-10-17,"DTB3",4.54,2026-03-11,2026-03-11
2024-10-18,"DTB3",4.53,2026-03-11,2026-03-11
2024-10-21,"DTB3",4.51,2026-03-11,2026-03-11
2024-10-22,"DTB3",4.51,2026-03-11,2026-03-11
2024-10-23,"DTB3",4.52,2026-03-11,2026-03-11
2024-10-24,"DTB3",4.5,2026-03-11,2026-03-11
2024-10-25,"DTB3",4.52,2026-03-11,2026-03-11
2024-10-28,"DTB3",4.49,2026-03-11,2026-03-11
2024-10-29,"DTB3",4.49,2026-03-11,2026-03-11
2024-10-30,"DTB3",4.47,2026-03-11,2026-03-11
2024-10-31,"DTB3",4.44,2026-03-11,2026-03-11
2024-11-01,"DTB3",4.41,2026-03-11,2026-03-11
2024-11-04,"DTB3",4.44,2026-03-11,2026-03-11
2024-11-05,"DTB3",4.43,2026-03-11,2026-03-11
2024-11-06,"DTB3",4.44,2026-03-11,2026-03-11
2024-11-07,"DTB3",4.43,2026-03-11,2026-03-11
2024-11-08,"DTB3",4.43,2026-03-11,2026-03-11
2024-11-11,"DTB3",NA,2026-03-11,2026-03-11
2024-11-12,"DTB3",4.43,2026-03-11,2026-03-11
2024-11-13,"DTB3",4.4,2026-03-11,2026-03-11
2024-11-14,"DTB3",4.41,2026-03-11,2026-03-11
2024-11-15,"DTB3",4.41,2026-03-11,2026-03-11
2024-11-18,"DTB3",4.42,2026-03-11,2026-03-11
2024-11-19,"DTB3",4.41,2026-03-11,2026-03-11
2024-11-20,"DTB3",4.42,2026-03-11,2026-03-11
2024-11-21,"DTB3",4.43,2026-03-11,2026-03-11
2024-11-22,"DTB3",4.43,2026-03-11,2026-03-11
2024-11-25,"DTB3",4.42,2026-03-11,2026-03-11
2024-11-26,"DTB3",4.4,2026-03-11,2026-03-11
2024-11-27,"DTB3",4.4,2026-03-11,2026-03-11
2024-11-28,"DTB3",NA,2026-03-11,2026-03-11
2024-11-29,"DTB3",4.39,2026-03-11,2026-03-11
2024-12-02,"DTB3",4.38,2026-03-11,2026-03-11
2024-12-03,"DTB3",4.36,2026-03-11,2026-03-11
2024-12-04,"DTB3",4.35,2026-03-11,2026-03-11
2024-12-05,"DTB3",4.34,2026-03-11,2026-03-11
2024-12-06,"DTB3",4.31,2026-03-11,2026-03-11
2024-12-09,"DTB3",4.3,2026-03-11,2026-03-11
2024-12-10,"DTB3",4.29,2026-03-11,2026-03-11
2024-12-11,"DTB3",4.26,2026-03-11,2026-03-11
2024-12-12,"DTB3",4.23,2026-03-11,2026-03-11
2024-12-13,"DTB3",4.23,2026-03-11,2026-03-11
2024-12-16,"DTB3",4.25,2026-03-11,2026-03-11
2024-12-17,"DTB3",4.26,2026-03-11,2026-03-11
2024-12-18,"DTB3",4.25,2026-03-11,2026-03-11
2024-12-19,"DTB3",4.23,2026-03-11,2026-03-11
2024-12-20,"DTB3",4.23,2026-03-11,2026-03-11
2024-12-23,"DTB3",4.24,2026-03-11,2026-03-11
2024-12-24,"DTB3",4.28,2026-03-11,2026-03-11
2024-12-25,"DTB3",NA,2026-03-11,2026-03-11
2024-12-26,"DTB3",4.24,2026-03-11,2026-03-11
2024-12-27,"DTB3",4.19,2026-03-11,2026-03-11
2024-12-30,"DTB3",4.23,2026-03-11,2026-03-11
2024-12-31,"DTB3",4.23,2026-03-11,2026-03-11
2025-01-01,"DTB3",NA,2026-03-11,2026-03-11
2025-01-02,"DTB3",4.22,2026-03-11,2026-03-11
2025-01-03,"DTB3",4.2,2026-03-11,2026-03-11
2025-01-06,"DTB3",4.21,2026-03-11,2026-03-11
2025-01-07,"DTB3",4.21,2026-03-11,2026-03-11
2025-01-08,"DTB3",4.21,2026-03-11,2026-03-11
2025-01-09,"DTB3",4.21,2026-03-11,2026-03-11
2025-01-10,"DTB3",4.22,2026-03-11,2026-03-11
2025-01-13,"DTB3",4.23,2026-03-11,2026-03-11
2025-01-14,"DTB3",4.22,2026-03-11,2026-03-11
2025-01-15,"DTB3",4.21,2026-03-11,2026-03-11
2025-01-16,"DTB3",4.21,2026-03-11,2026-03-11
2025-01-17,"DTB3",4.2,2026-03-11,2026-03-11
2025-01-20,"DTB3",NA,2026-03-11,2026-03-11
2025-01-21,"DTB3",4.22,2026-03-11,2026-03-11
2025-01-22,"DTB3",4.22,2026-03-11,2026-03-11
2025-01-23,"DTB3",4.22,2026-03-11,2026-03-11
2025-01-24,"DTB3",4.21,2026-03-11,2026-03-11
2025-01-27,"DTB3",4.2,2026-03-11,2026-03-11
2025-01-28,"DTB3",4.2,2026-03-11,2026-03-11
2025-01-29,"DTB3",4.2,2026-03-11,2026-03-11
2025-01-30,"DTB3",4.19,2026-03-11,2026-03-11
2025-01-31,"DTB3",4.2,2026-03-11,2026-03-11
2025-02-03,"DTB3",4.22,2026-03-11,2026-03-11
2025-02-04,"DTB3",4.22,2026-03-11,2026-03-11
2025-02-05,"DTB3",4.22,2026-03-11,2026-03-11
2025-02-06,"DTB3",4.22,2026-03-11,2026-03-11
2025-02-07,"DTB3",4.24,2026-03-11,2026-03-11
2025-02-10,"DTB3",4.23,2026-03-11,2026-03-11
2025-02-11,"DTB3",4.23,2026-03-11,2026-03-11
2025-02-12,"DTB3",4.23,2026-03-11,2026-03-11
2025-02-13,"DTB3",4.22,2026-03-11,2026-03-11
2025-02-14,"DTB3",4.22,2026-03-11,2026-03-11
2025-02-17,"DTB3",NA,2026-03-11,2026-03-11
2025-02-18,"DTB3",4.23,2026-03-11,2026-03-11
2025-02-19,"DTB3",4.22,2026-03-11,2026-03-11
2025-02-20,"DTB3",4.21,2026-03-11,2026-03-11
2025-02-21,"DTB3",4.21,2026-03-11,2026-03-11
2025-02-24,"DTB3",4.19,2026-03-11,2026-03-11
2025-02-25,"DTB3",4.19,2026-03-11,2026-03-11
2025-02-26,"DTB3",4.2,2026-03-11,2026-03-11
2025-02-27,"DTB3",4.2,2026-03-11,2026-03-11
2025-02-28,"DTB3",4.2,2026-03-11,2026-03-11
2025-03-03,"DTB3",4.21,2026-03-11,2026-03-11
2025-03-04,"DTB3",4.2,2026-03-11,2026-03-11
2025-03-05,"DTB3",4.21,2026-03-11,2026-03-11
2025-03-06,"DTB3",4.2,2026-03-11,2026-03-11
2025-03-07,"DTB3",4.2,2026-03-11,2026-03-11
2025-03-10,"DTB3",4.19,2026-03-11,2026-03-11
2025-03-11,"DTB3",4.2,2026-03-11,2026-03-11
2025-03-12,"DTB3",4.21,2026-03-11,2026-03-11
2025-03-13,"DTB3",4.2,2026-03-11,2026-03-11
2025-03-14,"DTB3",4.2,2026-03-11,2026-03-11
2025-03-17,"DTB3",4.2,2026-03-11,2026-03-11
2025-03-18,"DTB3",4.2,2026-03-11,2026-03-11
2025-03-19,"DTB3",4.2,2026-03-11,2026-03-11
2025-03-20,"DTB3",4.19,2026-03-11,2026-03-11
2025-03-21,"DTB3",4.19,2026-03-11,2026-03-11
2025-03-24,"DTB3",4.19,2026-03-11,2026-03-11
2025-03-25,"DTB3",4.19,2026-03-11,2026-03-11
2025-03-26,"DTB3",4.2,2026-03-11,2026-03-11
2025-03-27,"DTB3",4.2,2026-03-11,2026-03-11
2025-03-28,"DTB3",4.2,2026-03-11,2026-03-11
2025-03-31,"DTB3",4.21,2026-03-11,2026-03-11
2025-04-01,"DTB3",4.2,2026-03-11,2026-03-11
2025-04-02,"DTB3",4.21,2026-03-11,2026-03-11
2025-04-03,"DTB3",4.2,2026-03-11,2026-03-11
2025-04-04,"DTB3",4.17,2026-03-11,2026-03-11
2025-04-07,"DTB3",4.17,2026-03-11,2026-03-11
2025-04-08,"DTB3",4.19,2026-03-11,2026-03-11
2025-04-09,"DTB3",4.24,2026-03-11,2026-03-11
2025-04-10,"DTB3",4.22,2026-03-11,2026-03-11
2025-04-11,"DTB3",4.23,2026-03-11,2026-03-11
2025-04-14,"DTB3",4.22,2026-03-11,2026-03-11
2025-04-15,"DTB3",4.22,2026-03-11,2026-03-11
2025-04-16,"DTB3",4.21,2026-03-11,2026-03-11
2025-04-17,"DTB3",4.23,2026-03-11,2026-03-11
2025-04-18,"DTB3",NA,2026-03-11,2026-03-11
2025-04-21,"DTB3",4.22,2026-03-11,2026-03-11
2025-04-22,"DTB3",4.22,2026-03-11,2026-03-11
2025-04-23,"DTB3",4.22,2026-03-11,2026-03-11
2025-04-24,"DTB3",4.21,2026-03-11,2026-03-11
2025-04-25,"DTB3",4.21,2026-03-11,2026-03-11
2025-04-28,"DTB3",4.2,2026-03-11,2026-03-11
2025-04-29,"DTB3",4.2,2026-03-11,2026-03-11
2025-04-30,"DTB3",4.2,2026-03-11,2026-03-11
2025-05-01,"DTB3",4.2,2026-03-11,2026-03-11
2025-05-02,"DTB3",4.22,2026-03-11,2026-03-11
2025-05-05,"DTB3",4.22,2026-03-11,2026-03-11
2025-05-06,"DTB3",4.22,2026-03-11,2026-03-11
2025-05-07,"DTB3",4.22,2026-03-11,2026-03-11
2025-05-08,"DTB3",4.23,2026-03-11,2026-03-11
2025-05-09,"DTB3",4.22,2026-03-11,2026-03-11
2025-05-12,"DTB3",4.31,2026-03-11,2026-03-11
2025-05-13,"DTB3",4.29,2026-03-11,2026-03-11
2025-05-14,"DTB3",4.29,2026-03-11,2026-03-11
2025-05-15,"DTB3",4.27,2026-03-11,2026-03-11
2025-05-16,"DTB3",4.25,2026-03-11,2026-03-11
2025-05-19,"DTB3",4.28,2026-03-11,2026-03-11
2025-05-20,"DTB3",4.26,2026-03-11,2026-03-11
2025-05-21,"DTB3",4.24,2026-03-11,2026-03-11
2025-05-22,"DTB3",4.25,2026-03-11,2026-03-11
2025-05-23,"DTB3",4.24,2026-03-11,2026-03-11
2025-05-26,"DTB3",NA,2026-03-11,2026-03-11
2025-05-27,"DTB3",4.24,2026-03-11,2026-03-11
2025-05-28,"DTB3",4.24,2026-03-11,2026-03-11
2025-05-29,"DTB3",4.25,2026-03-11,2026-03-11
2025-05-30,"DTB3",4.25,2026-03-11,2026-03-11
2025-06-02,"DTB3",4.25,2026-03-11,2026-03-11
2025-06-03,"DTB3",4.24,2026-03-11,2026-03-11
2025-06-04,"DTB3",4.25,2026-03-11,2026-03-11
2025-06-05,"DTB3",4.25,2026-03-11,2026-03-11
2025-06-06,"DTB3",4.25,2026-03-11,2026-03-11
2025-06-09,"DTB3",4.25,2026-03-11,2026-03-11
2025-06-10,"DTB3",4.26,2026-03-11,2026-03-11
2025-06-11,"DTB3",4.26,2026-03-11,2026-03-11
2025-06-12,"DTB3",4.27,2026-03-11,2026-03-11
2025-06-13,"DTB3",4.26,2026-03-11,2026-03-11
2025-06-16,"DTB3",4.24,2026-03-11,2026-03-11
2025-06-17,"DTB3",4.23,2026-03-11,2026-03-11
2025-06-18,"DTB3",4.23,2026-03-11,2026-03-11
2025-06-19,"DTB3",NA,2026-03-11,2026-03-11
2025-06-20,"DTB3",4.21,2026-03-11,2026-03-11
2025-06-23,"DTB3",4.19,2026-03-11,2026-03-11
2025-06-24,"DTB3",4.19,2026-03-11,2026-03-11
2025-06-25,"DTB3",4.19,2026-03-11,2026-03-11
2025-06-26,"DTB3",4.21,2026-03-11,2026-03-11
2025-06-27,"DTB3",4.2,2026-03-11,2026-03-11
2025-06-30,"DTB3",4.24,2026-03-11,2026-03-11
2025-07-01,"DTB3",4.24,2026-03-11,2026-03-11
2025-07-02,"DTB3",4.24,2026-03-11,2026-03-11
2025-07-03,"DTB3",4.26,2026-03-11,2026-03-11
2025-07-04,"DTB3",NA,2026-03-11,2026-03-11
2025-07-07,"DTB3",4.26,2026-03-11,2026-03-11
2025-07-08,"DTB3",4.26,2026-03-11,2026-03-11
2025-07-09,"DTB3",4.26,2026-03-11,2026-03-11
2025-07-10,"DTB3",4.25,2026-03-11,2026-03-11
2025-07-11,"DTB3",4.25,2026-03-11,2026-03-11
2025-07-14,"DTB3",4.26,2026-03-11,2026-03-11
2025-07-15,"DTB3",4.25,2026-03-11,2026-03-11
2025-07-16,"DTB3",4.24,2026-03-11,2026-03-11
2025-07-17,"DTB3",4.24,2026-03-11,2026-03-11
2025-07-18,"DTB3",4.24,2026-03-11,2026-03-11
2025-07-21,"DTB3",4.24,2026-03-11,2026-03-11
2025-07-22,"DTB3",4.24,2026-03-11,2026-03-11
2025-07-23,"DTB3",4.25,2026-03-11,2026-03-11
2025-07-24,"DTB3",4.25,2026-03-11,2026-03-11
2025-07-25,"DTB3",4.25,2026-03-11,2026-03-11
2025-07-28,"DTB3",4.24,2026-03-11,2026-03-11
2025-07-29,"DTB3",4.24,2026-03-11,2026-03-11
2025-07-30,"DTB3",4.25,2026-03-11,2026-03-11
2025-07-31,"DTB3",4.24,2026-03-11,2026-03-11
2025-08-01,"DTB3",4.19,2026-03-11,2026-03-11
2025-08-04,"DTB3",4.16,2026-03-11,2026-03-11
2025-08-05,"DTB3",4.16,2026-03-11,2026-03-11
2025-08-06,"DTB3",4.14,2026-03-11,2026-03-11
2025-08-07,"DTB3",4.14,2026-03-11,2026-03-11
2025-08-08,"DTB3",4.14,2026-03-11,2026-03-11
2025-08-11,"DTB3",4.15,2026-03-11,2026-03-11
2025-08-12,"DTB3",4.14,2026-03-11,2026-03-11
2025-08-13,"DTB3",4.11,2026-03-11,2026-03-11
2025-08-14,"DTB3",4.12,2026-03-11,2026-03-11
2025-08-15,"DTB3",4.12,2026-03-11,2026-03-11
2025-08-18,"DTB3",4.14,2026-03-11,2026-03-11
2025-08-19,"DTB3",4.12,2026-03-11,2026-03-11
2025-08-20,"DTB3",4.12,2026-03-11,2026-03-11
2025-08-21,"DTB3",4.14,2026-03-11,2026-03-11
2025-08-22,"DTB3",4.1,2026-03-11,2026-03-11
2025-08-25,"DTB3",4.1,2026-03-11,2026-03-11
2025-08-26,"DTB3",4.1,2026-03-11,2026-03-11
2025-08-27,"DTB3",4.08,2026-03-11,2026-03-11
2025-08-28,"DTB3",4.08,2026-03-11,2026-03-11
2025-08-29,"DTB3",4.05,2026-03-11,2026-03-11
2025-09-01,"DTB3",NA,2026-03-11,2026-03-11
2025-09-02,"DTB3",4.05,2026-03-11,2026-03-11
2025-09-03,"DTB3",4.03,2026-03-11,2026-03-11
2025-09-04,"DTB3",4.01,2026-03-11,2026-03-11
2025-09-05,"DTB3",3.92,2026-03-11,2026-03-11
2025-09-08,"DTB3",3.95,2026-03-11,2026-03-11
2025-09-09,"DTB3",3.95,2026-03-11,2026-03-11
2025-09-10,"DTB3",3.94,2026-03-11,2026-03-11
2025-09-11,"DTB3",3.94,2026-03-11,2026-03-11
2025-09-12,"DTB3",3.94,2026-03-11,2026-03-11
2025-09-15,"DTB3",3.91,2026-03-11,2026-03-11
2025-09-16,"DTB3",3.9,2026-03-11,2026-03-11
2025-09-17,"DTB3",3.88,2026-03-11,2026-03-11
2025-09-18,"DTB3",3.89,2026-03-11,2026-03-11
2025-09-19,"DTB3",3.89,2026-03-11,2026-03-11
2025-09-22,"DTB3",3.86,2026-03-11,2026-03-11
2025-09-23,"DTB3",3.86,2026-03-11,2026-03-11
2025-09-24,"DTB3",3.87,2026-03-11,2026-03-11
2025-09-25,"DTB3",3.89,2026-03-11,2026-03-11
2025-09-26,"DTB3",3.87,2026-03-11,2026-03-11
2025-09-29,"DTB3",3.86,2026-03-11,2026-03-11
2025-09-30,"DTB3",3.86,2026-03-11,2026-03-11
2025-10-01,"DTB3",3.85,2026-03-11,2026-03-11
2025-10-02,"DTB3",3.86,2026-03-11,2026-03-11
2025-10-03,"DTB3",3.87,2026-03-11,2026-03-11
2025-10-06,"DTB3",3.86,2026-03-11,2026-03-11
2025-10-07,"DTB3",3.85,2026-03-11,2026-03-11
2025-10-08,"DTB3",3.85,2026-03-11,2026-03-11
2025-10-09,"DTB3",3.87,2026-03-11,2026-03-11
2025-10-10,"DTB3",3.86,2026-03-11,2026-03-11
2025-10-13,"DTB3",NA,2026-03-11,2026-03-11
2025-10-14,"DTB3",3.85,2026-03-11,2026-03-11
2025-10-15,"DTB3",3.87,2026-03-11,2026-03-11
2025-10-16,"DTB3",3.86,2026-03-11,2026-03-11
2025-10-17,"DTB3",3.84,2026-03-11,2026-03-11
2025-10-20,"DTB3",3.81,2026-03-11,2026-03-11
2025-10-21,"DTB3",3.8,2026-03-11,2026-03-11
2025-10-22,"DTB3",3.8,2026-03-11,2026-03-11
2025-10-23,"DTB3",3.8,2026-03-11,2026-03-11
2025-10-24,"DTB3",3.77,2026-03-11,2026-03-11
2025-10-27,"DTB3",3.73,2026-03-11,2026-03-11
2025-10-28,"DTB3",3.73,2026-03-11,2026-03-11
2025-10-29,"DTB3",3.77,2026-03-11,2026-03-11
2025-10-30,"DTB3",3.76,2026-03-11,2026-03-11
2025-10-31,"DTB3",3.73,2026-03-11,2026-03-11
2025-11-03,"DTB3",3.82,2026-03-11,2026-03-11
2025-11-04,"DTB3",3.8,2026-03-11,2026-03-11
2025-11-05,"DTB3",3.8,2026-03-11,2026-03-11
2025-11-06,"DTB3",3.77,2026-03-11,2026-03-11
2025-11-07,"DTB3",3.77,2026-03-11,2026-03-11
2025-11-10,"DTB3",3.79,2026-03-11,2026-03-11
2025-11-11,"DTB3",NA,2026-03-11,2026-03-11
2025-11-12,"DTB3",3.79,2026-03-11,2026-03-11
2025-11-13,"DTB3",3.8,2026-03-11,2026-03-11
2025-11-14,"DTB3",3.8,2026-03-11,2026-03-11
2025-11-17,"DTB3",3.8,2026-03-11,2026-03-11
2025-11-18,"DTB3",3.78,2026-03-11,2026-03-11
2025-11-19,"DTB3",3.79,2026-03-11,2026-03-11
2025-11-20,"DTB3",3.78,2026-03-11,2026-03-11
2025-11-21,"DTB3",3.75,2026-03-11,2026-03-11
2025-11-24,"DTB3",3.75,2026-03-11,2026-03-11
2025-11-25,"DTB3",3.74,2026-03-11,2026-03-11
2025-11-26,"DTB3",3.76,2026-03-11,2026-03-11
2025-11-27,"DTB3",NA,2026-03-11,2026-03-11
2025-11-28,"DTB3",3.73,2026-03-11,2026-03-11
2025-12-01,"DTB3",3.71,2026-03-11,2026-03-11
2025-12-02,"DTB3",3.68,2026-03-11,2026-03-11
2025-12-03,"DTB3",3.64,2026-03-11,2026-03-11
2025-12-04,"DTB3",3.63,2026-03-11,2026-03-11
2025-12-05,"DTB3",3.62,2026-03-11,2026-03-11
2025-12-08,"DTB3",3.64,2026-03-11,2026-03-11
2025-12-09,"DTB3",3.64,2026-03-11,2026-03-11
2025-12-10,"DTB3",3.6,2026-03-11,2026-03-11
2025-12-11,"DTB3",3.58,2026-03-11,2026-03-11
2025-12-12,"DTB3",3.54,2026-03-11,2026-03-11
2025-12-15,"DTB3",3.56,2026-03-11,2026-03-11
2025-12-16,"DTB3",3.56,2026-03-11,2026-03-11
2025-12-17,"DTB3",3.55,2026-03-11,2026-03-11
2025-12-18,"DTB3",3.53,2026-03-11,2026-03-11
2025-12-19,"DTB3",3.54,2026-03-11,2026-03-11
2025-12-22,"DTB3",3.56,2026-03-11,2026-03-11
2025-12-23,"DTB3",3.56,2026-03-11,2026-03-11
2025-12-24,"DTB3",3.6,2026-03-11,2026-03-11
2025-12-25,"DTB3",NA,2026-03-11,2026-03-11
2025-12-26,"DTB3",3.56,2026-03-11,2026-03-11
2025-12-29,"DTB3",3.57,2026-03-11,2026-03-11
2025-12-30,"DTB3",3.55,2026-03-11,2026-03-11
2025-12-31,"DTB3",3.57,2026-03-11,2026-03-11
2026-01-01,"DTB3",NA,2026-03-11,2026-03-11
2026-01-02,"DTB3",3.54,2026-03-11,2026-03-11
2026-01-05,"DTB3",3.54,2026-03-11,2026-03-11
2026-01-06,"DTB3",3.53,2026-03-11,2026-03-11
2026-01-07,"DTB3",3.52,2026-03-11,2026-03-11
2026-01-08,"DTB3",3.52,2026-03-11,2026-03-11
2026-01-09,"DTB3",3.52,2026-03-11,2026-03-11
2026-01-12,"DTB3",3.56,2026-03-11,2026-03-11
2026-01-13,"DTB3",3.57,2026-03-11,2026-03-11
2026-01-14,"DTB3",3.57,2026-03-11,2026-03-11
2026-01-15,"DTB3",3.57,2026-03-11,2026-03-11
2026-01-16,"DTB3",3.57,2026-03-11,2026-03-11
2026-01-19,"DTB3",NA,2026-03-11,2026-03-11
2026-01-20,"DTB3",3.59,2026-03-11,2026-03-11
2026-01-21,"DTB3",3.59,2026-03-11,2026-03-11
2026-01-22,"DTB3",3.6,2026-03-11,2026-03-11
2026-01-23,"DTB3",3.59,2026-03-11,2026-03-11
2026-01-26,"DTB3",3.59,2026-03-11,2026-03-11
2026-01-27,"DTB3",3.58,2026-03-11,2026-03-11
2026-01-28,"DTB3",3.59,2026-03-11,2026-03-11
2026-01-29,"DTB3",3.59,2026-03-11,2026-03-11
2026-01-30,"DTB3",3.58,2026-03-11,2026-03-11
2026-02-02,"DTB3",3.6,2026-03-11,2026-03-11
2026-02-03,"DTB3",3.6,2026-03-11,2026-03-11
2026-02-04,"DTB3",3.6,2026-03-11,2026-03-11
2026-02-05,"DTB3",3.59,2026-03-11,2026-03-11
2026-02-06,"DTB3",3.6,2026-03-11,2026-03-11
2026-02-09,"DTB3",3.6,2026-03-11,2026-03-11
2026-02-10,"DTB3",3.6,2026-03-11,2026-03-11
2026-02-11,"DTB3",3.61,2026-03-11,2026-03-11
2026-02-12,"DTB3",3.61,2026-03-11,2026-03-11
2026-02-13,"DTB3",3.6,2026-03-11,2026-03-11
2026-02-16,"DTB3",NA,2026-03-11,2026-03-11
2026-02-17,"DTB3",3.61,2026-03-11,2026-03-11
2026-02-18,"DTB3",3.61,2026-03-11,2026-03-11
2026-02-19,"DTB3",3.61,2026-03-11,2026-03-11
2026-02-20,"DTB3",3.6,2026-03-11,2026-03-11
2026-02-23,"DTB3",3.6,2026-03-11,2026-03-11
2026-02-24,"DTB3",3.6,2026-03-11,2026-03-11
2026-02-25,"DTB3",3.6,2026-03-11,2026-03-11
2026-02-26,"DTB3",3.6,2026-03-11,2026-03-11
2026-02-27,"DTB3",3.59,2026-03-11,2026-03-11
2026-03-02,"DTB3",3.61,2026-03-11,2026-03-11
2026-03-03,"DTB3",3.6,2026-03-11,2026-03-11
2026-03-04,"DTB3",3.6,2026-03-11,2026-03-11
2026-03-05,"DTB3",3.59,2026-03-11,2026-03-11
2026-03-06,"DTB3",3.58,2026-03-11,2026-03-11
2026-03-09,"DTB3",3.61,2026-03-11,2026-03-11
